{
    "2017": {
        "湖南": {
            "理科": {
                "703": 1,
                "702": 1,
                "701": 1,
                "700": 1,
                "699": 1,
                "698": 2,
                "697": 2,
                "696": 2,
                "695": 2,
                "694": 2,
                "693": 4,
                "692": 4,
                "691": 6,
                "690": 8,
                "689": 8,
                "688": 11,
                "687": 14,
                "686": 15,
                "685": 19,
                "684": 22,
                "683": 27,
                "682": 35,
                "681": 41,
                "680": 45,
                "679": 51,
                "678": 57,
                "677": 63,
                "676": 74,
                "675": 82,
                "674": 92,
                "673": 97,
                "672": 106,
                "671": 122,
                "670": 132,
                "669": 147,
                "668": 157,
                "667": 170,
                "666": 188,
                "665": 202,
                "664": 211,
                "663": 230,
                "662": 253,
                "661": 274,
                "660": 292,
                "659": 310,
                "658": 337,
                "657": 365,
                "656": 387,
                "655": 414,
                "654": 440,
                "653": 474,
                "652": 514,
                "651": 558,
                "650": 597,
                "649": 634,
                "648": 673,
                "647": 707,
                "646": 763,
                "645": 800,
                "644": 852,
                "643": 913,
                "642": 959,
                "641": 1010,
                "640": 1059,
                "639": 1113,
                "638": 1165,
                "637": 1232,
                "636": 1299,
                "635": 1375,
                "634": 1440,
                "633": 1508,
                "632": 1580,
                "631": 1659,
                "630": 1739,
                "629": 1803,
                "628": 1899,
                "627": 2001,
                "626": 2092,
                "625": 2171,
                "624": 2271,
                "623": 2373,
                "622": 2463,
                "621": 2548,
                "620": 2661,
                "619": 2768,
                "618": 2875,
                "617": 2966,
                "616": 3101,
                "615": 3225,
                "614": 3368,
                "613": 3501,
                "612": 3628,
                "611": 3756,
                "610": 3902,
                "609": 4023,
                "608": 4167,
                "607": 4302,
                "606": 4436,
                "605": 4593,
                "604": 4759,
                "603": 4893,
                "602": 5049,
                "601": 5220,
                "600": 5370,
                "599": 5527,
                "598": 5699,
                "597": 5891,
                "596": 6092,
                "595": 6275,
                "594": 6427,
                "593": 6609,
                "592": 6781,
                "591": 6979,
                "590": 7179,
                "589": 7381,
                "588": 7619,
                "587": 7820,
                "586": 8047,
                "585": 8280,
                "584": 8504,
                "583": 8726,
                "582": 8936,
                "581": 9153,
                "580": 9402,
                "579": 9652,
                "578": 9912,
                "577": 10165,
                "576": 10422,
                "575": 10664,
                "574": 10938,
                "573": 11207,
                "572": 11494,
                "571": 11771,
                "570": 12049,
                "569": 12351,
                "568": 12656,
                "567": 12954,
                "566": 13273,
                "565": 13583,
                "564": 13853,
                "563": 14156,
                "562": 14481,
                "561": 14829,
                "560": 15138,
                "559": 15462,
                "558": 15774,
                "557": 16104,
                "556": 16421,
                "555": 16755,
                "554": 17115,
                "553": 17444,
                "552": 17802,
                "551": 18182,
                "550": 18540,
                "549": 18918,
                "548": 19305,
                "547": 19700,
                "546": 20062,
                "545": 20449,
                "544": 20828,
                "543": 21198,
                "542": 21611,
                "541": 21992,
                "540": 22412,
                "539": 22784,
                "538": 23176,
                "537": 23591,
                "536": 24016,
                "535": 24426,
                "534": 24845,
                "533": 25268,
                "532": 25706,
                "531": 26197,
                "530": 26600,
                "529": 27069,
                "528": 27581,
                "527": 28056,
                "526": 28554,
                "525": 29003,
                "524": 29453,
                "523": 29942,
                "522": 30391,
                "521": 30858,
                "520": 31347,
                "519": 31845,
                "518": 32337,
                "517": 32792,
                "516": 33257,
                "515": 33759,
                "514": 34299,
                "513": 34806,
                "512": 35269,
                "511": 35819,
                "510": 36357,
                "509": 36890,
                "508": 37475,
                "507": 37994,
                "506": 38519,
                "505": 39051,
                "504": 39586,
                "503": 40143,
                "502": 40662,
                "501": 41186,
                "500": 41738,
                "499": 42325,
                "498": 42887,
                "497": 43489,
                "496": 44104,
                "495": 44644,
                "494": 45254,
                "493": 45860,
                "492": 46428,
                "491": 47058,
                "490": 47678,
                "489": 48247,
                "488": 48862,
                "487": 49488,
                "486": 50114,
                "485": 50726,
                "484": 51370,
                "483": 51994,
                "482": 52630,
                "481": 53233,
                "480": 53876,
                "479": 54572,
                "478": 55221,
                "477": 55876,
                "476": 56531,
                "475": 57171,
                "474": 57834,
                "473": 58506,
                "472": 59155,
                "471": 59829,
                "470": 60519,
                "469": 61207,
                "468": 61898,
                "467": 62552,
                "466": 63223,
                "465": 63901,
                "464": 64587,
                "463": 65269,
                "462": 66009,
                "461": 66741,
                "460": 67459,
                "459": 68185,
                "458": 68891,
                "457": 69548,
                "456": 70269,
                "455": 70970,
                "454": 71685,
                "453": 72367,
                "452": 73091,
                "451": 73794,
                "450": 74504,
                "449": 75207,
                "448": 75936,
                "447": 76667,
                "446": 77402,
                "445": 78146,
                "444": 78865,
                "443": 79568,
                "442": 80313,
                "441": 81037,
                "440": 81785,
                "439": 82512,
                "438": 83216,
                "437": 83934,
                "436": 84656,
                "435": 85374,
                "434": 86046,
                "433": 86762,
                "432": 87528,
                "431": 88217,
                "430": 88932,
                "429": 89637,
                "428": 90362,
                "427": 91044,
                "426": 91731,
                "425": 92442,
                "424": 93146,
                "423": 93863,
                "422": 94554,
                "421": 95288,
                "420": 96002,
                "419": 96710,
                "418": 97439,
                "417": 98123,
                "416": 98837,
                "415": 99527,
                "414": 100219,
                "413": 100887,
                "412": 101561,
                "411": 102180,
                "410": 102833,
                "409": 103522,
                "408": 104187,
                "407": 104836,
                "406": 105508,
                "405": 106204,
                "404": 106808,
                "403": 107442,
                "402": 108109,
                "401": 108797,
                "400": 109430,
                "399": 110124,
                "398": 110737,
                "397": 111418,
                "396": 112041,
                "395": 112700,
                "394": 113324,
                "393": 113951,
                "392": 114564,
                "391": 115164,
                "390": 115831,
                "389": 116451,
                "388": 117103,
                "387": 117746,
                "386": 118367,
                "385": 119003,
                "384": 119584,
                "383": 120184,
                "382": 120791,
                "381": 121350,
                "380": 121933,
                "379": 122559,
                "378": 123141,
                "377": 123769,
                "376": 124344,
                "375": 124932,
                "374": 125504,
                "373": 126069,
                "372": 126654,
                "371": 127202,
                "370": 127747,
                "369": 128311,
                "368": 128860,
                "367": 129440,
                "366": 129973,
                "365": 130539,
                "364": 131108,
                "363": 131664,
                "362": 132216,
                "361": 132766,
                "360": 133323,
                "359": 133845,
                "358": 134395,
                "357": 134934,
                "356": 135437,
                "355": 135941,
                "354": 136437,
                "353": 136986,
                "352": 137524,
                "351": 138084,
                "350": 138581,
                "349": 139099,
                "348": 139612,
                "347": 140114,
                "346": 140570,
                "345": 141116,
                "344": 141630,
                "343": 142144,
                "342": 142628,
                "341": 143113,
                "340": 143627,
                "339": 144099,
                "338": 144572,
                "337": 145081,
                "336": 145595,
                "335": 146107,
                "334": 146601,
                "333": 147098,
                "332": 147561,
                "331": 148001,
                "330": 148454,
                "329": 148914,
                "328": 149419,
                "327": 149864,
                "326": 150323,
                "325": 150780,
                "324": 151223,
                "323": 151660,
                "322": 152121,
                "321": 152610,
                "320": 153032,
                "319": 153483,
                "318": 153931,
                "317": 154349,
                "316": 154799,
                "315": 155212,
                "314": 155637,
                "313": 156105,
                "312": 156550,
                "311": 156989,
                "310": 157400,
                "309": 157830,
                "308": 158245,
                "307": 158677,
                "306": 159078,
                "305": 159489,
                "304": 159936,
                "303": 160340,
                "302": 160740,
                "301": 161194,
                "300": 161613,
                "299": 162000,
                "298": 162386,
                "297": 162749,
                "296": 163114,
                "295": 163542,
                "294": 163906,
                "293": 164300,
                "292": 164709,
                "291": 165103,
                "290": 165469,
                "289": 165871,
                "288": 166229,
                "287": 166625,
                "286": 167001,
                "285": 167388,
                "284": 167753,
                "283": 168101,
                "282": 168481,
                "281": 168840,
                "280": 169221,
                "279": 169607,
                "278": 169947,
                "277": 170298,
                "276": 170622,
                "275": 171008,
                "274": 171341,
                "273": 171698,
                "272": 172014,
                "271": 172351,
                "270": 172711,
                "269": 173087,
                "268": 173453,
                "267": 173802,
                "266": 174134,
                "265": 174464,
                "264": 174824,
                "263": 175122,
                "262": 175433,
                "261": 175734,
                "260": 176014,
                "259": 176349,
                "258": 176660,
                "257": 176949,
                "256": 177248,
                "255": 177528,
                "254": 177810,
                "253": 178102,
                "252": 178378,
                "251": 178656,
                "250": 178934,
                "249": 179227,
                "248": 179522,
                "247": 179786,
                "246": 180044,
                "245": 180307,
                "244": 180580,
                "243": 180865,
                "242": 181136,
                "241": 181397,
                "240": 181644,
                "239": 181894,
                "238": 182155,
                "237": 182403,
                "236": 182665,
                "235": 182920,
                "234": 183138,
                "233": 183362,
                "232": 183614,
                "231": 183849,
                "230": 184057,
                "229": 184295,
                "228": 184510,
                "227": 184714,
                "226": 184928,
                "225": 185152,
                "224": 185379,
                "223": 185609,
                "222": 185816,
                "221": 185996,
                "220": 186195,
                "219": 186388,
                "218": 186580,
                "217": 186756,
                "216": 186957,
                "215": 187148,
                "214": 187343,
                "213": 187508,
                "212": 187687,
                "211": 187860,
                "210": 188036,
                "209": 188207,
                "208": 188377,
                "207": 188517,
                "206": 188680,
                "205": 188824,
                "204": 188958,
                "203": 189107,
                "202": 189266,
                "201": 189394,
                "200": 189529,
                "199": 189669,
                "198": 189801,
                "197": 189938,
                "196": 190053,
                "195": 190166,
                "194": 190286,
                "193": 190441,
                "192": 190568,
                "191": 190692,
                "190": 190798,
                "189": 190936,
                "188": 191044,
                "187": 191151,
                "186": 191251,
                "185": 191345,
                "184": 191441,
                "183": 191533,
                "182": 191639,
                "181": 191732,
                "180": 191823,
                "179": 191935,
                "178": 192015,
                "177": 192097,
                "176": 192185,
                "175": 192256,
                "174": 192323,
                "173": 192390,
                "172": 192465,
                "171": 192544,
                "170": 192592,
                "169": 192661,
                "168": 192710,
                "167": 192780,
                "166": 192827,
                "165": 192879,
                "164": 192933,
                "163": 192992,
                "162": 193048,
                "161": 193101,
                "160": 193150,
                "159": 193192,
                "158": 193236,
                "157": 193278,
                "156": 193322,
                "155": 193353,
                "154": 193401,
                "153": 193442,
                "152": 193471,
                "151": 193498,
                "150": 193527,
                "149": 193555,
                "148": 193578,
                "147": 193611,
                "146": 193636,
                "145": 193661,
                "144": 193680,
                "143": 193706,
                "142": 193732,
                "141": 193754,
                "140": 193771,
                "139": 193788,
                "138": 193803,
                "137": 193819,
                "136": 193838,
                "135": 193852,
                "134": 193863,
                "133": 193873,
                "132": 193883,
                "131": 193896,
                "130": 193911,
                "129": 193923,
                "128": 193934,
                "127": 193944,
                "126": 193951,
                "125": 193967,
                "124": 193978,
                "123": 193987,
                "122": 193999,
                "121": 194009,
                "120": 194018,
                "119": 194027,
                "118": 194036,
                "117": 194052,
                "116": 194058,
                "115": 194060,
                "114": 194064,
                "113": 194069,
                "112": 194071,
                "111": 194077,
                "110": 194077,
                "109": 194082,
                "108": 194088,
                "107": 194092,
                "106": 194095,
                "105": 194101,
                "104": 194105,
                "103": 194107,
                "102": 194111,
                "101": 194117,
                "100": 194120,
                "99": 194120,
                "98": 194120,
                "97": 194120,
                "96": 194120,
                "95": 194120,
                "94": 194120,
                "93": 194120,
                "92": 194120,
                "91": 194120,
                "90": 196188,
                "89": 196188,
                "88": 196188,
                "87": 196188,
                "86": 196188,
                "85": 196188,
                "84": 196188,
                "83": 196188,
                "82": 196188,
                "81": 196188,
                "80": 196188,
                "79": 196188,
                "78": 196188,
                "77": 196188,
                "76": 196188,
                "75": 196188,
                "74": 196188,
                "73": 196188,
                "72": 196188,
                "71": 196188,
                "70": 196188,
                "69": 196188,
                "68": 196188,
                "67": 196188,
                "66": 196188,
                "65": 196188,
                "64": 196188,
                "63": 196188,
                "62": 196188,
                "61": 196188,
                "60": 196188,
                "59": 196188,
                "58": 196188,
                "57": 196188,
                "56": 196188,
                "55": 196188,
                "54": 196188,
                "53": 196188,
                "52": 196188,
                "51": 196188,
                "50": 196188,
                "49": 196188,
                "48": 196188,
                "47": 196188,
                "46": 196188,
                "45": 196188,
                "44": 196188,
                "43": 196188,
                "42": 196188,
                "41": 196188,
                "40": 196188,
                "39": 196188,
                "38": 196188,
                "37": 196188,
                "36": 196188,
                "35": 196188,
                "34": 196188,
                "33": 196188,
                "32": 196188,
                "31": 196188,
                "30": 196188,
                "29": 196188,
                "28": 196188,
                "27": 196188,
                "26": 196188,
                "25": 196188,
                "24": 196188,
                "23": 196188,
                "22": 196188,
                "21": 196188,
                "20": 196188,
                "19": 196188,
                "18": 196188,
                "17": 196188,
                "16": 196188,
                "15": 196188,
                "14": 196188,
                "13": 196188,
                "12": 196188,
                "11": 196188,
                "10": 196188,
                "9": 196188,
                "8": 196188,
                "7": 196188,
                "6": 196188,
                "5": 196188,
                "4": 196188,
                "3": 196188,
                "2": 196188,
                "1": 196188,
                "0": 196188
            }
        }
    }
}