{
    "2017": {
        "青海": {
            "理科": {
                "668": 1,
                "667": 1,
                "666": 1,
                "665": 1,
                "664": 1,
                "663": 1,
                "662": 2,
                "661": 2,
                "660": 2,
                "659": 2,
                "658": 3,
                "657": 3,
                "656": 3,
                "655": 3,
                "654": 3,
                "653": 3,
                "652": 4,
                "651": 4,
                "650": 6,
                "649": 8,
                "648": 8,
                "647": 8,
                "646": 10,
                "645": 10,
                "644": 14,
                "643": 15,
                "642": 15,
                "641": 17,
                "640": 17,
                "639": 19,
                "638": 19,
                "637": 19,
                "636": 19,
                "635": 19,
                "634": 24,
                "633": 26,
                "632": 26,
                "631": 28,
                "630": 31,
                "629": 32,
                "628": 35,
                "627": 37,
                "626": 42,
                "625": 45,
                "624": 47,
                "623": 49,
                "622": 51,
                "621": 58,
                "620": 61,
                "619": 64,
                "618": 68,
                "617": 69,
                "616": 69,
                "615": 76,
                "614": 78,
                "613": 82,
                "612": 88,
                "611": 92,
                "610": 97,
                "609": 101,
                "608": 108,
                "607": 111,
                "606": 113,
                "605": 116,
                "604": 120,
                "603": 122,
                "602": 125,
                "601": 130,
                "600": 133,
                "599": 135,
                "598": 142,
                "597": 149,
                "596": 156,
                "595": 164,
                "594": 168,
                "593": 174,
                "592": 180,
                "591": 186,
                "590": 189,
                "589": 195,
                "588": 201,
                "587": 211,
                "586": 214,
                "585": 224,
                "584": 229,
                "583": 233,
                "582": 239,
                "581": 246,
                "580": 252,
                "579": 256,
                "578": 261,
                "577": 274,
                "576": 282,
                "575": 291,
                "574": 300,
                "573": 308,
                "572": 321,
                "571": 331,
                "570": 339,
                "569": 348,
                "568": 355,
                "567": 362,
                "566": 367,
                "565": 373,
                "564": 377,
                "563": 387,
                "562": 400,
                "561": 411,
                "560": 424,
                "559": 436,
                "558": 445,
                "557": 456,
                "556": 460,
                "555": 470,
                "554": 479,
                "553": 490,
                "552": 500,
                "551": 513,
                "550": 525,
                "549": 539,
                "548": 555,
                "547": 568,
                "546": 583,
                "545": 598,
                "544": 617,
                "543": 632,
                "542": 651,
                "541": 664,
                "540": 672,
                "539": 686,
                "538": 698,
                "537": 714,
                "536": 728,
                "535": 741,
                "534": 755,
                "533": 773,
                "532": 788,
                "531": 807,
                "530": 822,
                "529": 842,
                "528": 860,
                "527": 880,
                "526": 900,
                "525": 924,
                "524": 944,
                "523": 966,
                "522": 978,
                "521": 991,
                "520": 1013,
                "519": 1029,
                "518": 1047,
                "517": 1068,
                "516": 1087,
                "515": 1114,
                "514": 1134,
                "513": 1159,
                "512": 1183,
                "511": 1207,
                "510": 1230,
                "509": 1253,
                "508": 1277,
                "507": 1297,
                "506": 1329,
                "505": 1353,
                "504": 1377,
                "503": 1401,
                "502": 1421,
                "501": 1439,
                "500": 1468,
                "499": 1494,
                "498": 1513,
                "497": 1541,
                "496": 1564,
                "495": 1582,
                "494": 1610,
                "493": 1637,
                "492": 1665,
                "491": 1692,
                "490": 1723,
                "489": 1755,
                "488": 1799,
                "487": 1838,
                "486": 1871,
                "485": 1890,
                "484": 1920,
                "483": 1953,
                "482": 1987,
                "481": 2018,
                "480": 2057,
                "479": 2093,
                "478": 2120,
                "477": 2160,
                "476": 2190,
                "475": 2223,
                "474": 2261,
                "473": 2299,
                "472": 2334,
                "471": 2383,
                "470": 2428,
                "469": 2481,
                "468": 2519,
                "467": 2555,
                "466": 2597,
                "465": 2649,
                "464": 2683,
                "463": 2723,
                "462": 2764,
                "461": 2798,
                "460": 2831,
                "459": 2873,
                "458": 2930,
                "457": 2978,
                "456": 3019,
                "455": 3072,
                "454": 3120,
                "453": 3173,
                "452": 3216,
                "451": 3254,
                "450": 3297,
                "449": 3344,
                "448": 3405,
                "447": 3465,
                "446": 3522,
                "445": 3576,
                "444": 3643,
                "443": 3702,
                "442": 3770,
                "441": 3827,
                "440": 3892,
                "439": 3943,
                "438": 4005,
                "437": 4068,
                "436": 4129,
                "435": 4188,
                "434": 4248,
                "433": 4301,
                "432": 4365,
                "431": 4430,
                "430": 4485,
                "429": 4569,
                "428": 4644,
                "427": 4706,
                "426": 4765,
                "425": 4840,
                "424": 4902,
                "423": 4977,
                "422": 5050,
                "421": 5122,
                "420": 5185,
                "419": 5264,
                "418": 5345,
                "417": 5429,
                "416": 5509,
                "415": 5579,
                "414": 5659,
                "413": 5747,
                "412": 5838,
                "411": 5923,
                "410": 6012,
                "409": 6091,
                "408": 6170,
                "407": 6242,
                "406": 6332,
                "405": 6425,
                "404": 6508,
                "403": 6600,
                "402": 6684,
                "401": 6763,
                "400": 6867,
                "399": 6964,
                "398": 7059,
                "397": 7166,
                "396": 7255,
                "395": 7353,
                "394": 7445,
                "393": 7547,
                "392": 7657,
                "391": 7758,
                "390": 7856,
                "389": 7953,
                "388": 8055,
                "387": 8143,
                "386": 8256,
                "385": 8343,
                "384": 8432,
                "383": 8535,
                "382": 8636,
                "381": 8750,
                "380": 8858,
                "379": 8980,
                "378": 9088,
                "377": 9198,
                "376": 9330,
                "375": 9447,
                "374": 9564,
                "373": 9661,
                "372": 9775,
                "371": 9904,
                "370": 10027,
                "369": 10135,
                "368": 10262,
                "367": 10374,
                "366": 10489,
                "365": 10619,
                "364": 10728,
                "363": 10837,
                "362": 10961,
                "361": 11070,
                "360": 11193,
                "359": 11305,
                "358": 11438,
                "357": 11559,
                "356": 11667,
                "355": 11784,
                "354": 11918,
                "353": 12044,
                "352": 12168,
                "351": 12288,
                "350": 12406,
                "349": 12518,
                "348": 12643,
                "347": 12760,
                "346": 12870,
                "345": 12987,
                "344": 13107,
                "343": 13231,
                "342": 13354,
                "341": 13476,
                "340": 13599,
                "339": 13713,
                "338": 13850,
                "337": 13975,
                "336": 14118,
                "335": 14230,
                "334": 14358,
                "333": 14467,
                "332": 14605,
                "331": 14743,
                "330": 14870,
                "329": 14989,
                "328": 15131,
                "327": 15250,
                "326": 15377,
                "325": 15494,
                "324": 15625,
                "323": 15748,
                "322": 15875,
                "321": 15985,
                "320": 16112,
                "319": 16246,
                "318": 16355,
                "317": 16487,
                "316": 16612,
                "315": 16747,
                "314": 16862,
                "313": 16970,
                "312": 17084,
                "311": 17208,
                "310": 17312,
                "309": 17439,
                "308": 17550,
                "307": 17674,
                "306": 17803,
                "305": 17923,
                "304": 18038,
                "303": 18152,
                "302": 18248,
                "301": 18344,
                "300": 18456,
                "299": 18569,
                "298": 18680,
                "297": 18788,
                "296": 18892,
                "295": 18984,
                "294": 19089,
                "293": 19187,
                "292": 19301,
                "291": 19412,
                "290": 19506,
                "289": 19626,
                "288": 19713,
                "287": 19821,
                "286": 19924,
                "285": 20020,
                "284": 20112,
                "283": 20200,
                "282": 20307,
                "281": 20398,
                "280": 20489,
                "279": 20588,
                "278": 20682,
                "277": 20778,
                "276": 20867,
                "275": 20949,
                "274": 21031,
                "273": 21118,
                "272": 21204,
                "271": 21301,
                "270": 21393,
                "269": 21470,
                "268": 21524,
                "267": 21607,
                "266": 21681,
                "265": 21754,
                "264": 21824,
                "263": 21901,
                "262": 21982,
                "261": 22051,
                "260": 22123,
                "259": 22187,
                "258": 22256,
                "257": 22318,
                "256": 22386,
                "255": 22440,
                "254": 22497,
                "253": 22555,
                "252": 22603,
                "251": 22653,
                "250": 22703,
                "249": 22746,
                "248": 22799,
                "247": 22854,
                "246": 22909,
                "245": 22959,
                "244": 23009,
                "243": 23065,
                "242": 23117,
                "241": 23158,
                "240": 23194,
                "239": 23240,
                "238": 23281,
                "237": 23325,
                "236": 23363,
                "235": 23396,
                "234": 23435,
                "233": 23480,
                "232": 23523,
                "231": 23546,
                "230": 23582,
                "229": 23619,
                "228": 23641,
                "227": 23669,
                "226": 23695,
                "225": 23722,
                "224": 23746,
                "223": 23764,
                "222": 23786,
                "221": 23807,
                "220": 23828,
                "219": 23843,
                "218": 23858,
                "217": 23880,
                "216": 23890,
                "215": 23907,
                "214": 23918,
                "213": 23933,
                "212": 23941,
                "211": 23950,
                "210": 23966,
                "209": 23978,
                "208": 23987,
                "207": 23998,
                "206": 24008,
                "205": 24013,
                "204": 24028,
                "203": 24036,
                "202": 24042,
                "201": 24050,
                "200": 24055,
                "199": 24069,
                "198": 24076,
                "197": 24085,
                "196": 24090,
                "195": 24094,
                "194": 24099,
                "193": 24104,
                "192": 24113,
                "191": 24116,
                "190": 24122,
                "189": 24130,
                "188": 24132,
                "187": 24137,
                "186": 24142,
                "185": 24146,
                "184": 24149,
                "183": 24152,
                "182": 24155,
                "181": 24156,
                "180": 24159,
                "179": 24161,
                "178": 24162,
                "177": 24166,
                "176": 24168,
                "175": 24170,
                "174": 24171,
                "173": 24173,
                "172": 24175,
                "171": 24176,
                "170": 24177,
                "169": 24180,
                "168": 24181,
                "167": 24185,
                "166": 24187,
                "165": 24191,
                "164": 24191,
                "163": 24191,
                "162": 24192,
                "161": 24193,
                "160": 24193,
                "159": 24193,
                "158": 24193,
                "157": 24193,
                "156": 24193,
                "155": 24193,
                "154": 24193,
                "153": 24194,
                "152": 24194,
                "151": 24194,
                "150": 24194,
                "149": 24196,
                "148": 24196,
                "147": 24197,
                "146": 24198,
                "145": 24198,
                "144": 24198,
                "143": 24198,
                "142": 24198,
                "141": 24198,
                "140": 24199,
                "139": 24200,
                "138": 24201,
                "137": 24201,
                "136": 24201,
                "135": 24201,
                "134": 24201,
                "133": 24201,
                "132": 24202,
                "131": 24202,
                "130": 24202,
                "129": 24202,
                "128": 24203,
                "127": 24203,
                "126": 24203,
                "125": 24203,
                "124": 24203,
                "123": 24203,
                "122": 24203,
                "121": 24204,
                "120": 24204,
                "119": 24205,
                "118": 24205,
                "117": 24205,
                "116": 24205,
                "115": 24206,
                "114": 24206,
                "113": 24206,
                "112": 24206,
                "111": 24206,
                "110": 24206,
                "109": 24206,
                "108": 24207,
                "107": 24207,
                "106": 24207,
                "105": 24207,
                "104": 24207,
                "103": 24207,
                "102": 24207,
                "101": 24207,
                "100": 24207,
                "99": 24207,
                "98": 24208,
                "97": 24208,
                "96": 24209,
                "95": 24209,
                "94": 24209,
                "93": 24209,
                "92": 24209,
                "91": 24210,
                "90": 24210,
                "89": 24210,
                "88": 24210,
                "87": 24210,
                "86": 24210,
                "85": 24210,
                "84": 24210,
                "83": 24210,
                "82": 24210,
                "81": 24210,
                "80": 24210,
                "79": 24210,
                "78": 24211,
                "77": 24211,
                "76": 24211,
                "75": 24211,
                "74": 24211,
                "73": 24211,
                "72": 24211,
                "71": 24211,
                "70": 24211,
                "69": 24211,
                "68": 24211,
                "67": 24212,
                "66": 24212,
                "65": 24212,
                "64": 24212,
                "63": 24212,
                "62": 24212,
                "61": 24212,
                "60": 24212,
                "59": 24212,
                "58": 24212,
                "57": 24212,
                "56": 24212,
                "55": 24212,
                "54": 24212,
                "53": 24212,
                "52": 24212,
                "51": 24212,
                "50": 24212,
                "49": 24212,
                "48": 24212,
                "47": 24212,
                "46": 24213
            }
        }
    }
}