{
    "2017": {
        "内蒙古": {
            "文科": {
                "598": 104,
                "597": 114,
                "596": 120,
                "595": 128,
                "594": 134,
                "593": 142,
                "592": 150,
                "591": 154,
                "590": 160,
                "589": 169,
                "588": 182,
                "587": 203,
                "586": 213,
                "585": 227,
                "584": 234,
                "583": 247,
                "582": 259,
                "581": 284,
                "580": 296,
                "579": 306,
                "578": 322,
                "577": 343,
                "576": 356,
                "575": 379,
                "574": 395,
                "573": 411,
                "572": 421,
                "571": 443,
                "570": 469,
                "569": 497,
                "568": 520,
                "567": 533,
                "566": 557,
                "565": 584,
                "564": 615,
                "563": 640,
                "562": 668,
                "561": 687,
                "560": 711,
                "559": 750,
                "558": 780,
                "557": 808,
                "556": 843,
                "555": 876,
                "554": 910,
                "553": 943,
                "552": 975,
                "551": 1008,
                "550": 1032,
                "549": 1065,
                "548": 1104,
                "547": 1138,
                "546": 1174,
                "545": 1216,
                "544": 1250,
                "543": 1292,
                "542": 1328,
                "541": 1367,
                "540": 1412,
                "539": 1463,
                "538": 1511,
                "537": 1552,
                "536": 1608,
                "535": 1665,
                "534": 1710,
                "533": 1758,
                "532": 1812,
                "531": 1864,
                "530": 1925,
                "529": 1987,
                "528": 2047,
                "527": 2103,
                "526": 2144,
                "525": 2213,
                "524": 2267,
                "523": 2339,
                "522": 2397,
                "521": 2466,
                "520": 2522,
                "519": 2571,
                "518": 2649,
                "517": 2717,
                "516": 2770,
                "515": 2828,
                "514": 2905,
                "513": 2972,
                "512": 3044,
                "511": 3104,
                "510": 3172,
                "509": 3236,
                "508": 3315,
                "507": 3399,
                "506": 3486,
                "505": 3579,
                "504": 3652,
                "503": 3731,
                "502": 3817,
                "501": 3901,
                "500": 3976,
                "499": 4068,
                "498": 4169,
                "497": 4245,
                "496": 4343,
                "495": 4426,
                "494": 4523,
                "493": 4621,
                "492": 4701,
                "491": 4795,
                "490": 4890,
                "489": 4995,
                "488": 5103,
                "487": 5195,
                "486": 5291,
                "485": 5400,
                "484": 5517,
                "483": 5629,
                "482": 5740,
                "481": 5832,
                "480": 5949,
                "479": 6048,
                "478": 6169,
                "477": 6293,
                "476": 6394,
                "475": 6512,
                "474": 6647,
                "473": 6763,
                "472": 6879,
                "471": 6991,
                "470": 7105,
                "469": 7210,
                "468": 7332,
                "467": 7464,
                "466": 7578,
                "465": 7688,
                "464": 7808,
                "463": 7923,
                "462": 8054,
                "461": 8184,
                "460": 8298,
                "459": 8445,
                "458": 8576,
                "457": 8717,
                "456": 8859,
                "455": 8984,
                "454": 9103,
                "453": 9257,
                "452": 9413,
                "451": 9551,
                "450": 9710,
                "449": 9842,
                "448": 9974,
                "447": 10103,
                "446": 10244,
                "445": 10366,
                "444": 10503,
                "443": 10636,
                "442": 10765,
                "441": 10903,
                "440": 11039,
                "439": 11172,
                "438": 11317,
                "437": 11457,
                "436": 11602,
                "435": 11756,
                "434": 11893,
                "433": 12044,
                "432": 12191,
                "431": 12333,
                "430": 12486,
                "429": 12646,
                "428": 12803,
                "427": 12954,
                "426": 13091,
                "425": 13217,
                "424": 13368,
                "423": 13522,
                "422": 13686,
                "421": 13821,
                "420": 13981,
                "419": 14149,
                "418": 14313,
                "417": 14474,
                "416": 14614,
                "415": 14770,
                "414": 14931,
                "413": 15093,
                "412": 15234,
                "411": 15375,
                "410": 15537,
                "409": 15695,
                "408": 15868,
                "407": 16028,
                "406": 16178,
                "405": 16326,
                "404": 16487,
                "403": 16656,
                "402": 16807,
                "401": 16960,
                "400": 17131,
                "399": 17293,
                "398": 17468,
                "397": 17649,
                "396": 17811,
                "395": 17982,
                "394": 18130,
                "393": 18289,
                "392": 18453,
                "391": 18589,
                "390": 18758,
                "389": 18900,
                "388": 19066,
                "387": 19239,
                "386": 19393,
                "385": 19544,
                "384": 19711,
                "383": 19866,
                "382": 20044,
                "381": 20200,
                "380": 20381,
                "379": 20526,
                "378": 20677,
                "377": 20845,
                "376": 20990,
                "375": 21152,
                "374": 21326,
                "373": 21494,
                "372": 21650,
                "371": 21828,
                "370": 21979,
                "369": 22153,
                "368": 22299,
                "367": 22462,
                "366": 22602,
                "365": 22746,
                "364": 22892,
                "363": 23034,
                "362": 23179,
                "361": 23331,
                "360": 23508,
                "359": 23668,
                "358": 23833,
                "357": 24010,
                "356": 24185,
                "355": 24328,
                "354": 24498,
                "353": 24642,
                "352": 24812,
                "351": 24960,
                "350": 25122,
                "349": 25263,
                "348": 25410,
                "347": 25555,
                "346": 25710,
                "345": 25842,
                "344": 26018,
                "343": 26169,
                "342": 26339,
                "341": 26486,
                "340": 26630,
                "339": 26795,
                "338": 26952,
                "337": 27112,
                "336": 27286,
                "335": 27427,
                "334": 27576,
                "333": 27702,
                "332": 27864,
                "331": 28007,
                "330": 28148,
                "329": 28289,
                "328": 28446,
                "327": 28594,
                "326": 28743,
                "325": 28883,
                "324": 29030,
                "323": 29165,
                "322": 29310,
                "321": 29447,
                "320": 29589,
                "319": 29748,
                "318": 29899,
                "317": 30036,
                "316": 30166,
                "315": 30313,
                "314": 30449,
                "313": 30569,
                "312": 30715,
                "311": 30842,
                "310": 30971,
                "309": 31107,
                "308": 31254,
                "307": 31370,
                "306": 31504,
                "305": 31644,
                "304": 31787,
                "303": 31907,
                "302": 32044,
                "301": 32157,
                "300": 32277,
                "299": 32407,
                "298": 32550,
                "297": 32684,
                "296": 32807,
                "295": 32953,
                "294": 33081,
                "293": 33187,
                "292": 33321,
                "291": 33448,
                "290": 33576,
                "289": 33708,
                "288": 33846,
                "287": 33967,
                "286": 34100,
                "285": 34225,
                "284": 34348,
                "283": 34494,
                "282": 34624,
                "281": 34740,
                "280": 34889,
                "279": 35023,
                "278": 35130,
                "277": 35238,
                "276": 35355,
                "275": 35469,
                "274": 35591,
                "273": 35672,
                "272": 35770,
                "271": 35884,
                "270": 35996,
                "269": 36118,
                "268": 36241,
                "267": 36355,
                "266": 36496,
                "265": 36598,
                "264": 36709,
                "263": 36814,
                "262": 36928,
                "261": 37054,
                "260": 37170,
                "259": 37246,
                "258": 37353,
                "257": 37455,
                "256": 37562,
                "255": 37674,
                "254": 37769,
                "253": 37871,
                "252": 37958,
                "251": 38045,
                "250": 38133,
                "249": 38234,
                "248": 38334,
                "247": 38446,
                "246": 38533,
                "245": 38630,
                "244": 38719,
                "243": 38793,
                "242": 38903,
                "241": 38971,
                "240": 39053,
                "239": 39140,
                "238": 39213,
                "237": 39294,
                "236": 39391,
                "235": 39459,
                "234": 39543,
                "233": 39615,
                "232": 39708,
                "231": 39793,
                "230": 39861,
                "229": 39930,
                "228": 40009,
                "227": 40090,
                "226": 40176,
                "225": 40239,
                "224": 40307,
                "223": 40373,
                "222": 40440,
                "221": 40509,
                "220": 40577,
                "219": 40653,
                "218": 40719,
                "217": 40793,
                "216": 40858,
                "215": 40918,
                "214": 40969,
                "213": 41027,
                "212": 41086,
                "211": 41141,
                "210": 41216,
                "209": 41273,
                "208": 41323,
                "207": 41372,
                "206": 41431,
                "205": 41469,
                "204": 41520,
                "203": 41573,
                "202": 41614,
                "201": 41656
            }
        }
    }
}