{
    "2017": {
        "重庆": {
            "理科": {
                "705": 3,
                "704": 4,
                "703": 6,
                "702": 8,
                "701": 10,
                "700": 12,
                "699": 12,
                "698": 12,
                "697": 14,
                "696": 19,
                "695": 22,
                "694": 24,
                "693": 27,
                "692": 29,
                "691": 32,
                "690": 35,
                "689": 40,
                "688": 43,
                "687": 48,
                "686": 51,
                "685": 58,
                "684": 65,
                "683": 71,
                "682": 84,
                "681": 93,
                "680": 104,
                "679": 113,
                "678": 124,
                "677": 134,
                "676": 144,
                "675": 155,
                "674": 170,
                "673": 183,
                "672": 200,
                "671": 218,
                "670": 240,
                "669": 263,
                "668": 283,
                "667": 305,
                "666": 329,
                "665": 349,
                "664": 363,
                "663": 382,
                "662": 413,
                "661": 444,
                "660": 472,
                "659": 505,
                "658": 533,
                "657": 568,
                "656": 599,
                "655": 639,
                "654": 681,
                "653": 709,
                "652": 748,
                "651": 783,
                "650": 826,
                "649": 864,
                "648": 910,
                "647": 952,
                "646": 996,
                "645": 1044,
                "644": 1085,
                "643": 1131,
                "642": 1176,
                "641": 1235,
                "640": 1288,
                "639": 1356,
                "638": 1424,
                "637": 1490,
                "636": 1551,
                "635": 1617,
                "634": 1701,
                "633": 1765,
                "632": 1846,
                "631": 1917,
                "630": 1988,
                "629": 2052,
                "628": 2153,
                "627": 2246,
                "626": 2318,
                "625": 2409,
                "624": 2490,
                "623": 2587,
                "622": 2674,
                "621": 2781,
                "620": 2879,
                "619": 2985,
                "618": 3079,
                "617": 3188,
                "616": 3295,
                "615": 3416,
                "614": 3526,
                "613": 3645,
                "612": 3775,
                "611": 3883,
                "610": 4020,
                "609": 4166,
                "608": 4300,
                "607": 4438,
                "606": 4581,
                "605": 4715,
                "604": 4863,
                "603": 5018,
                "602": 5161,
                "601": 5311,
                "600": 5457,
                "599": 5642,
                "598": 5801,
                "597": 5966,
                "596": 6104,
                "595": 6277,
                "594": 6441,
                "593": 6600,
                "592": 6766,
                "591": 6991,
                "590": 7155,
                "589": 7320,
                "588": 7499,
                "587": 7678,
                "586": 7871,
                "585": 8046,
                "584": 8238,
                "583": 8414,
                "582": 8631,
                "581": 8814,
                "580": 9034,
                "579": 9239,
                "578": 9454,
                "577": 9690,
                "576": 9914,
                "575": 10149,
                "574": 10367,
                "573": 10594,
                "572": 10829,
                "571": 11054,
                "570": 11275,
                "569": 11510,
                "568": 11769,
                "567": 12017,
                "566": 12249,
                "565": 12511,
                "564": 12754,
                "563": 13006,
                "562": 13256,
                "561": 13510,
                "560": 13764,
                "559": 14029,
                "558": 14316,
                "557": 14604,
                "556": 14860,
                "555": 15141,
                "554": 15418,
                "553": 15698,
                "552": 15987,
                "551": 16256,
                "550": 16562,
                "549": 16855,
                "548": 17168,
                "547": 17460,
                "546": 17755,
                "545": 18060,
                "544": 18342,
                "543": 18642,
                "542": 18978,
                "541": 19301,
                "540": 19616,
                "539": 19952,
                "538": 20276,
                "537": 20620,
                "536": 20940,
                "535": 21257,
                "534": 21591,
                "533": 21915,
                "532": 22263,
                "531": 22622,
                "530": 22988,
                "529": 23337,
                "528": 23699,
                "527": 24025,
                "526": 24398,
                "525": 24736,
                "524": 25131,
                "523": 25478,
                "522": 25856,
                "521": 26216,
                "520": 26559,
                "519": 26943,
                "518": 27286,
                "517": 27673,
                "516": 28061,
                "515": 28427,
                "514": 28817,
                "513": 29232,
                "512": 29621,
                "511": 30022,
                "510": 30423,
                "509": 30817,
                "508": 31236,
                "507": 31641,
                "506": 32048,
                "505": 32472,
                "504": 32829,
                "503": 33226,
                "502": 33650,
                "501": 34056,
                "500": 34444,
                "499": 34841,
                "498": 35268,
                "497": 35690,
                "496": 36114,
                "495": 36524,
                "494": 36921,
                "493": 37334,
                "492": 37749,
                "491": 38187,
                "490": 38637,
                "489": 39072,
                "488": 39484,
                "487": 39907,
                "486": 40346,
                "485": 40750,
                "484": 41212,
                "483": 41615,
                "482": 42064,
                "481": 42523,
                "480": 42947,
                "479": 43397,
                "478": 43862,
                "477": 44316,
                "476": 44752,
                "475": 45206,
                "474": 45646,
                "473": 46035,
                "472": 46469,
                "471": 46899,
                "470": 47329,
                "469": 47782,
                "468": 48247,
                "467": 48680,
                "466": 49121,
                "465": 49555,
                "464": 50014,
                "463": 50481,
                "462": 50900,
                "461": 51323,
                "460": 51763,
                "459": 52194,
                "458": 52660,
                "457": 53097,
                "456": 53526,
                "455": 53965,
                "454": 54370,
                "453": 54838,
                "452": 55270,
                "451": 55698,
                "450": 56117,
                "449": 56573,
                "448": 57030,
                "447": 57461,
                "446": 57918,
                "445": 58375,
                "444": 58820,
                "443": 59248,
                "442": 59713,
                "441": 60133,
                "440": 60571,
                "439": 60995,
                "438": 61435,
                "437": 61871,
                "436": 62316,
                "435": 62744,
                "434": 63158,
                "433": 63570,
                "432": 63960,
                "431": 64352,
                "430": 64787,
                "429": 65182,
                "428": 65577,
                "427": 65981,
                "426": 66372,
                "425": 66784,
                "424": 67198,
                "423": 67611,
                "422": 68019,
                "421": 68410,
                "420": 68808,
                "419": 69195,
                "418": 69615,
                "417": 69989,
                "416": 70402,
                "415": 70814,
                "414": 71203,
                "413": 71611,
                "412": 71971,
                "411": 72339,
                "410": 72750,
                "409": 73160,
                "408": 73565,
                "407": 73941,
                "406": 74317,
                "405": 74709,
                "404": 75123,
                "403": 75517,
                "402": 75863,
                "401": 76238,
                "400": 76610,
                "399": 76960,
                "398": 77299,
                "397": 77661,
                "396": 78031,
                "395": 78439,
                "394": 78817,
                "393": 79206,
                "392": 79562,
                "391": 79900,
                "390": 80233,
                "389": 80598,
                "388": 80940,
                "387": 81247,
                "386": 81584,
                "385": 81909,
                "384": 82256,
                "383": 82572,
                "382": 82882,
                "381": 83237,
                "380": 83563,
                "379": 83873,
                "378": 84201,
                "377": 84524,
                "376": 84827,
                "375": 85124,
                "374": 85450,
                "373": 85736,
                "372": 86055,
                "371": 86374,
                "370": 86693,
                "369": 87002,
                "368": 87297,
                "367": 87595,
                "366": 87885,
                "365": 88189,
                "364": 88466,
                "363": 88775,
                "362": 89067,
                "361": 89366,
                "360": 89650,
                "359": 89917,
                "358": 90179,
                "357": 90448,
                "356": 90722,
                "355": 90990,
                "354": 91246,
                "353": 91479,
                "352": 91733,
                "351": 92031,
                "350": 92262,
                "349": 92524,
                "348": 92797,
                "347": 93054,
                "346": 93312,
                "345": 93567,
                "344": 93805,
                "343": 94064,
                "342": 94301,
                "341": 94549,
                "340": 94797,
                "339": 95032,
                "338": 95296,
                "337": 95534,
                "336": 95744,
                "335": 95980,
                "334": 96226,
                "333": 96450,
                "332": 96651,
                "331": 96883,
                "330": 97129,
                "329": 97343,
                "328": 97569,
                "327": 97767,
                "326": 97987,
                "325": 98187,
                "324": 98368,
                "323": 98571,
                "322": 98777,
                "321": 98962,
                "320": 99161,
                "319": 99361,
                "318": 99563,
                "317": 99760,
                "316": 99931,
                "315": 100124,
                "314": 100303,
                "313": 100491,
                "312": 100674,
                "311": 100863,
                "310": 101029,
                "309": 101183,
                "308": 101355,
                "307": 101519,
                "306": 101713,
                "305": 101892,
                "304": 102045,
                "303": 102214,
                "302": 102393,
                "301": 102551,
                "300": 102709,
                "299": 102876,
                "298": 103006,
                "297": 103175,
                "296": 103314,
                "295": 103451,
                "294": 103618,
                "293": 103745,
                "292": 103891,
                "291": 104023,
                "290": 104152,
                "289": 104282,
                "288": 104403,
                "287": 104516,
                "286": 104649,
                "285": 104783,
                "284": 104913,
                "283": 105041,
                "282": 105171,
                "281": 105303,
                "280": 105426,
                "279": 105541,
                "278": 105660,
                "277": 105773,
                "276": 105889,
                "275": 106006,
                "274": 106121,
                "273": 106241,
                "272": 106343,
                "271": 106438,
                "270": 106542,
                "269": 106640,
                "268": 106752,
                "267": 106853,
                "266": 106945,
                "265": 107029,
                "264": 107106,
                "263": 107201,
                "262": 107288,
                "261": 107383,
                "260": 107476,
                "259": 107553,
                "258": 107655,
                "257": 107740,
                "256": 107835,
                "255": 107920,
                "254": 108011,
                "253": 108090,
                "252": 108158,
                "251": 108223,
                "250": 108300,
                "249": 108369,
                "248": 108439,
                "247": 108513,
                "246": 108586,
                "245": 108644,
                "244": 108712,
                "243": 108780,
                "242": 108837,
                "241": 108894,
                "240": 108937,
                "239": 109003,
                "238": 109080,
                "237": 109143,
                "236": 109216,
                "235": 109269,
                "234": 109323,
                "233": 109381,
                "232": 109442,
                "231": 109483,
                "230": 109535,
                "229": 109583,
                "228": 109618,
                "227": 109669,
                "226": 109722,
                "225": 109777,
                "224": 109840,
                "223": 109878,
                "222": 109925,
                "221": 109966,
                "220": 110003,
                "219": 110049,
                "218": 110097,
                "217": 110144,
                "216": 110181,
                "215": 110225,
                "214": 110278,
                "213": 110321,
                "212": 110373,
                "211": 110407,
                "210": 110435,
                "209": 110471,
                "208": 110512,
                "207": 110546,
                "206": 110580,
                "205": 110619,
                "204": 110657,
                "203": 110687,
                "202": 110719,
                "201": 110758,
                "200": 110791,
                "199": 110812,
                "198": 110836,
                "197": 110869,
                "196": 110898,
                "195": 110927,
                "194": 110952,
                "193": 110975,
                "192": 111006,
                "191": 111030,
                "190": 111054,
                "189": 111083,
                "188": 111113,
                "187": 111141,
                "186": 111162,
                "185": 111182,
                "184": 111205,
                "183": 111226,
                "182": 111250,
                "181": 111271,
                "180": 111293,
                "179": 111313,
                "178": 111334,
                "177": 111350,
                "176": 111367,
                "175": 111397,
                "174": 111416,
                "173": 111430,
                "172": 111446,
                "171": 111466,
                "170": 111488,
                "169": 111514,
                "168": 111526,
                "167": 111539,
                "166": 111558,
                "165": 111569,
                "164": 111586,
                "163": 111606,
                "162": 111624,
                "161": 111635,
                "160": 111651,
                "159": 111666,
                "158": 111676,
                "157": 111684,
                "156": 111693,
                "155": 111710,
                "154": 111726,
                "153": 111735,
                "152": 111744,
                "151": 111758,
                "150": 111767,
                "149": 111771,
                "148": 111791,
                "147": 111801,
                "146": 111810,
                "145": 111821,
                "144": 111824,
                "143": 111833,
                "142": 111839,
                "141": 111850,
                "140": 111860,
                "139": 111864,
                "138": 111872,
                "137": 111879,
                "136": 111885,
                "135": 111889,
                "134": 111898,
                "133": 111902,
                "132": 111908,
                "131": 111916,
                "130": 111920,
                "129": 111928,
                "128": 111930,
                "127": 111934,
                "126": 111936,
                "125": 111942,
                "124": 111949,
                "123": 111954,
                "122": 111959,
                "121": 111960,
                "120": 111965,
                "119": 111967,
                "118": 111969,
                "117": 111970,
                "116": 111973,
                "115": 111978,
                "114": 111979,
                "113": 111980,
                "112": 111983,
                "111": 111985,
                "110": 111988,
                "109": 111991,
                "108": 111995,
                "107": 111998,
                "106": 112000,
                "105": 112002,
                "104": 112003,
                "103": 112006,
                "102": 112009,
                "101": 112010,
                "100": 112013
            }
        }
    }
}
