{
    "2017": {
        "宁夏": {
            "理科": {
                "630": 102,
                "629": 108,
                "628": 118,
                "627": 121,
                "626": 127,
                "625": 138,
                "624": 143,
                "623": 148,
                "622": 153,
                "621": 158,
                "620": 164,
                "619": 173,
                "618": 181,
                "617": 185,
                "616": 195,
                "615": 207,
                "614": 214,
                "613": 224,
                "612": 230,
                "611": 236,
                "610": 243,
                "609": 258,
                "608": 269,
                "607": 281,
                "606": 298,
                "605": 309,
                "604": 320,
                "603": 335,
                "602": 346,
                "601": 353,
                "600": 372,
                "599": 393,
                "598": 401,
                "597": 417,
                "596": 433,
                "595": 439,
                "594": 454,
                "593": 467,
                "592": 476,
                "591": 486,
                "590": 509,
                "589": 534,
                "588": 550,
                "587": 563,
                "586": 581,
                "585": 609,
                "584": 637,
                "583": 652,
                "582": 663,
                "581": 679,
                "580": 695,
                "579": 710,
                "578": 728,
                "577": 756,
                "576": 775,
                "575": 799,
                "574": 830,
                "573": 849,
                "572": 871,
                "571": 893,
                "570": 915,
                "569": 931,
                "568": 953,
                "567": 971,
                "566": 1000,
                "565": 1028,
                "564": 1055,
                "563": 1087,
                "562": 1117,
                "561": 1139,
                "560": 1165,
                "559": 1195,
                "558": 1224,
                "557": 1269,
                "556": 1292,
                "555": 1319,
                "554": 1352,
                "553": 1394,
                "552": 1432,
                "551": 1468,
                "550": 1491,
                "549": 1535,
                "548": 1566,
                "547": 1598,
                "546": 1649,
                "545": 1695,
                "544": 1727,
                "543": 1771,
                "542": 1811,
                "541": 1855,
                "540": 1893,
                "539": 1941,
                "538": 1983,
                "537": 2033,
                "536": 2077,
                "535": 2114,
                "534": 2170,
                "533": 2212,
                "532": 2254,
                "531": 2295,
                "530": 2337,
                "529": 2388,
                "528": 2443,
                "527": 2484,
                "526": 2520,
                "525": 2569,
                "524": 2629,
                "523": 2676,
                "522": 2723,
                "521": 2775,
                "520": 2832,
                "519": 2888,
                "518": 2936,
                "517": 2983,
                "516": 3054,
                "515": 3109,
                "514": 3149,
                "513": 3200,
                "512": 3249,
                "511": 3306,
                "510": 3371,
                "509": 3422,
                "508": 3495,
                "507": 3566,
                "506": 3644,
                "505": 3719,
                "504": 3801,
                "503": 3871,
                "502": 3937,
                "501": 4008,
                "500": 4082,
                "499": 4137,
                "498": 4212,
                "497": 4286,
                "496": 4357,
                "495": 4425,
                "494": 4513,
                "493": 4589,
                "492": 4649,
                "491": 4717,
                "490": 4791,
                "489": 4886,
                "488": 4965,
                "487": 5044,
                "486": 5114,
                "485": 5193,
                "484": 5279,
                "483": 5364,
                "482": 5449,
                "481": 5539,
                "480": 5625,
                "479": 5725,
                "478": 5814,
                "477": 5911,
                "476": 6024,
                "475": 6113,
                "474": 6204,
                "473": 6288,
                "472": 6381,
                "471": 6482,
                "470": 6586,
                "469": 6711,
                "468": 6804,
                "467": 6907,
                "466": 7004,
                "465": 7098,
                "464": 7216,
                "463": 7326,
                "462": 7433,
                "461": 7535,
                "460": 7646,
                "459": 7752,
                "458": 7873,
                "457": 7988,
                "456": 8115,
                "455": 8228,
                "454": 8356,
                "453": 8473,
                "452": 8601,
                "451": 8731,
                "450": 8866,
                "449": 8986,
                "448": 9096,
                "447": 9212,
                "446": 9339,
                "445": 9443,
                "444": 9597,
                "443": 9738,
                "442": 9873,
                "441": 10006,
                "440": 10150,
                "439": 10291,
                "438": 10439,
                "437": 10564,
                "436": 10715,
                "435": 10854,
                "434": 10993,
                "433": 11114,
                "432": 11245,
                "431": 11410,
                "430": 11546,
                "429": 11706,
                "428": 11838,
                "427": 11997,
                "426": 12133,
                "425": 12284,
                "424": 12433,
                "423": 12583,
                "422": 12743,
                "421": 12874,
                "420": 13048,
                "419": 13190,
                "418": 13355,
                "417": 13520,
                "416": 13700,
                "415": 13865,
                "414": 14024,
                "413": 14183,
                "412": 14346,
                "411": 14523,
                "410": 14684,
                "409": 14852,
                "408": 15004,
                "407": 15176,
                "406": 15331,
                "405": 15497,
                "404": 15650,
                "403": 15800,
                "402": 15976,
                "401": 16152,
                "400": 16310
            }
        }
    }
}