{
    "2017": {
        "广东": {
            "理科": {
                "690": 3,
                "689": 4,
                "688": 5,
                "687": 6,
                "686": 7,
                "685": 8,
                "684": 11,
                "683": 14,
                "682": 17,
                "681": 20,
                "680": 23,
                "679": 28,
                "678": 33,
                "677": 38,
                "676": 43,
                "675": 51,
                "674": 58,
                "673": 65,
                "672": 72,
                "671": 79,
                "670": 88,
                "669": 94,
                "668": 100,
                "667": 106,
                "666": 112,
                "665": 122,
                "664": 135,
                "663": 148,
                "662": 161,
                "661": 174,
                "660": 188,
                "659": 204,
                "658": 220,
                "657": 236,
                "656": 252,
                "655": 270,
                "654": 290,
                "653": 310,
                "652": 330,
                "651": 350,
                "650": 373,
                "649": 398,
                "648": 423,
                "647": 448,
                "646": 473,
                "645": 502,
                "644": 533,
                "643": 564,
                "642": 595,
                "641": 626,
                "640": 657,
                "639": 698,
                "638": 739,
                "637": 780,
                "636": 821,
                "635": 862,
                "634": 919,
                "633": 976,
                "632": 1033,
                "631": 1090,
                "630": 1150,
                "629": 1216,
                "628": 1282,
                "627": 1348,
                "626": 1414,
                "625": 1482,
                "624": 1562,
                "623": 1642,
                "622": 1722,
                "621": 1802,
                "620": 1882,
                "619": 1973,
                "618": 2064,
                "617": 2155,
                "616": 2246,
                "615": 2341,
                "614": 2453,
                "613": 2565,
                "612": 2677,
                "611": 2789,
                "610": 2902,
                "609": 3031,
                "608": 3160,
                "607": 3289,
                "606": 3418,
                "605": 3547,
                "604": 3698,
                "603": 3849,
                "602": 4000,
                "601": 4151,
                "600": 4305,
                "599": 4473,
                "598": 4641,
                "597": 4809,
                "596": 4977,
                "595": 5145,
                "594": 5335,
                "593": 5525,
                "592": 5715,
                "591": 5905,
                "590": 6099,
                "589": 6321,
                "588": 6543,
                "587": 6765,
                "586": 6987,
                "585": 7210,
                "584": 7448,
                "583": 7686,
                "582": 7924,
                "581": 8162,
                "580": 8400,
                "579": 8679,
                "578": 8958,
                "577": 9237,
                "576": 9516,
                "575": 9798,
                "574": 10107,
                "573": 10416,
                "572": 10725,
                "571": 11034,
                "570": 11345,
                "569": 11687,
                "568": 12029,
                "567": 12371,
                "566": 12713,
                "565": 13059,
                "564": 13451,
                "563": 13843,
                "562": 14235,
                "561": 14627,
                "560": 15022,
                "559": 15440,
                "558": 15858,
                "557": 16276,
                "556": 16694,
                "555": 17113,
                "554": 17560,
                "553": 18007,
                "552": 18454,
                "551": 18901,
                "550": 19349,
                "549": 19827,
                "548": 20305,
                "547": 20783,
                "546": 21261,
                "545": 21739,
                "544": 22252,
                "543": 22765,
                "542": 23278,
                "541": 23791,
                "540": 24305,
                "539": 24863,
                "538": 25421,
                "537": 25979,
                "536": 26537,
                "535": 27096,
                "534": 27685,
                "533": 28274,
                "532": 28863,
                "531": 29452,
                "530": 30045,
                "529": 30684,
                "528": 31323,
                "527": 31962,
                "526": 32601,
                "525": 33244,
                "524": 33904,
                "523": 34564,
                "522": 35224,
                "521": 35884,
                "520": 36545,
                "519": 37252,
                "518": 37959,
                "517": 38666,
                "516": 39373,
                "515": 40080,
                "514": 40857,
                "513": 41634,
                "512": 42411,
                "511": 43188,
                "510": 43968,
                "509": 44739,
                "508": 45510,
                "507": 46281,
                "506": 47052,
                "505": 47827,
                "504": 48648,
                "503": 49469,
                "502": 50290,
                "501": 51111,
                "500": 51932,
                "499": 52789,
                "498": 53646,
                "497": 54503,
                "496": 55360,
                "495": 56217,
                "494": 57098,
                "493": 57979,
                "492": 58860,
                "491": 59741,
                "490": 60623,
                "489": 61564,
                "488": 62505,
                "487": 63446,
                "486": 64387,
                "485": 65332,
                "484": 66292,
                "483": 67252,
                "482": 68212,
                "481": 69172,
                "480": 70132,
                "479": 71092,
                "478": 72052,
                "477": 73012,
                "476": 73972,
                "475": 74935,
                "474": 75922,
                "473": 76909,
                "472": 77896,
                "471": 78883,
                "470": 79870,
                "469": 80898,
                "468": 81926,
                "467": 82954,
                "466": 83982,
                "465": 85011,
                "464": 86033,
                "463": 87055,
                "462": 88077,
                "461": 89099,
                "460": 90122,
                "459": 91205,
                "458": 92288,
                "457": 93371,
                "456": 94454,
                "455": 95539,
                "454": 96618,
                "453": 97697,
                "452": 98776,
                "451": 99855,
                "450": 100935,
                "449": 102019,
                "448": 103103,
                "447": 104187,
                "446": 105271,
                "445": 106358,
                "444": 107475,
                "443": 108592,
                "442": 109709,
                "441": 110826,
                "440": 111947,
                "439": 113088,
                "438": 114229,
                "437": 115370,
                "436": 116511,
                "435": 117655,
                "434": 118771,
                "433": 119887,
                "432": 121003,
                "431": 122119,
                "430": 123239,
                "429": 124375,
                "428": 125511,
                "427": 126647,
                "426": 127783,
                "425": 128923,
                "424": 130080,
                "423": 131237,
                "422": 132394,
                "421": 133551,
                "420": 134711,
                "419": 135856,
                "418": 137001,
                "417": 138146,
                "416": 139291,
                "415": 140437,
                "414": 141591,
                "413": 142745,
                "412": 143899,
                "411": 145053,
                "410": 146209,
                "409": 147358,
                "408": 148507,
                "407": 149656,
                "406": 150805,
                "405": 151958,
                "404": 153141,
                "403": 154324,
                "402": 155507,
                "401": 156690,
                "400": 157877,
                "399": 159026,
                "398": 160175,
                "397": 161324,
                "396": 162473,
                "395": 163626,
                "394": 164791,
                "393": 165956,
                "392": 167121,
                "391": 168286,
                "390": 169452,
                "389": 170620,
                "388": 171788,
                "387": 172956,
                "386": 174124,
                "385": 175296,
                "384": 176434,
                "383": 177572,
                "382": 178710,
                "381": 179848,
                "380": 180990,
                "379": 182120,
                "378": 183250,
                "377": 184380,
                "376": 185510,
                "375": 186644,
                "374": 187756,
                "373": 188868,
                "372": 189980,
                "371": 191092,
                "370": 192206,
                "369": 193309,
                "368": 194412,
                "367": 195515,
                "366": 196618,
                "365": 197724,
                "364": 198825,
                "363": 199926,
                "362": 201027,
                "361": 202128,
                "360": 203229,
                "359": 204325,
                "358": 205421,
                "357": 206517,
                "356": 207613,
                "355": 208710,
                "354": 209795,
                "353": 210880,
                "352": 211965,
                "351": 213050,
                "350": 214136,
                "349": 215176,
                "348": 216216,
                "347": 217256,
                "346": 218296,
                "345": 219339,
                "344": 220369,
                "343": 221399,
                "342": 222429,
                "341": 223459,
                "340": 224490,
                "339": 225489,
                "338": 226488,
                "337": 227487,
                "336": 228486,
                "335": 229489,
                "334": 230499,
                "333": 231509,
                "332": 232519,
                "331": 233529,
                "330": 234540,
                "329": 235507,
                "328": 236474,
                "327": 237441,
                "326": 238408,
                "325": 239376,
                "324": 240343,
                "323": 241310,
                "322": 242277,
                "321": 243244,
                "320": 244215,
                "319": 245143,
                "318": 246071,
                "317": 246999,
                "316": 247927,
                "315": 248855,
                "314": 249792,
                "313": 250729,
                "312": 251666,
                "311": 252603,
                "310": 253541,
                "309": 254422,
                "308": 255303,
                "307": 256184,
                "306": 257065,
                "305": 257950,
                "304": 258839,
                "303": 259728,
                "302": 260617,
                "301": 261506,
                "300": 262398,
                "299": 263241,
                "298": 264084,
                "297": 264927,
                "296": 265770,
                "295": 266616,
                "294": 267449,
                "293": 268282,
                "292": 269115,
                "291": 269948,
                "290": 270782,
                "289": 271581,
                "288": 272380,
                "287": 273179,
                "286": 273978,
                "285": 274781,
                "284": 275563,
                "283": 276345,
                "282": 277127,
                "281": 277909,
                "280": 278694,
                "279": 279447,
                "278": 280200,
                "277": 280953,
                "276": 281706,
                "275": 282462,
                "274": 283187,
                "273": 283912,
                "272": 284637,
                "271": 285362,
                "270": 286088,
                "269": 286782,
                "268": 287476,
                "267": 288170,
                "266": 288864,
                "265": 289561,
                "264": 290236,
                "263": 290911,
                "262": 291586,
                "261": 292261,
                "260": 292939,
                "259": 293602,
                "258": 294265,
                "257": 294928,
                "256": 295591,
                "255": 296257,
                "254": 296904,
                "253": 297551,
                "252": 298198,
                "251": 298845,
                "250": 299493,
                "249": 300108,
                "248": 300723,
                "247": 301338,
                "246": 301953,
                "245": 302571,
                "244": 303146,
                "243": 303721,
                "242": 304296,
                "241": 304871,
                "240": 305447,
                "239": 306042,
                "238": 306637,
                "237": 307232,
                "236": 307827,
                "235": 308426,
                "234": 308961,
                "233": 309496,
                "232": 310031,
                "231": 310566,
                "230": 311102,
                "229": 311631,
                "228": 312160,
                "227": 312689,
                "226": 313218,
                "225": 313750,
                "224": 314252,
                "223": 314754,
                "222": 315256,
                "221": 315758,
                "220": 316262,
                "219": 316761,
                "218": 317260,
                "217": 317759,
                "216": 318258,
                "215": 318760,
                "214": 319232,
                "213": 319704,
                "212": 320176,
                "211": 320648,
                "210": 321124,
                "209": 321568,
                "208": 322012,
                "207": 322456,
                "206": 322900,
                "205": 323347,
                "204": 323775,
                "203": 324203,
                "202": 324631,
                "201": 325059,
                "200": 325491,
                "199": 325904,
                "198": 326317,
                "197": 326730,
                "196": 327143,
                "195": 327560,
                "194": 327940,
                "193": 328320,
                "192": 328700,
                "191": 329080,
                "190": 329463,
                "189": 329831,
                "188": 330199,
                "187": 330567,
                "186": 330935,
                "185": 331307,
                "184": 331661,
                "183": 332015,
                "182": 332369,
                "181": 332723,
                "180": 333077,
                "179": 333412,
                "178": 333747,
                "177": 334082,
                "176": 334417,
                "175": 334756,
                "174": 335064,
                "173": 335372,
                "172": 335680,
                "171": 335988,
                "170": 336297,
                "169": 336600,
                "168": 336903,
                "167": 337206,
                "166": 337509,
                "165": 337814,
                "164": 338079,
                "163": 338344,
                "162": 338609,
                "161": 338874,
                "160": 339139,
                "159": 339399,
                "158": 339659,
                "157": 339919,
                "156": 340179,
                "155": 340443,
                "154": 340676,
                "153": 340909,
                "152": 341142,
                "151": 341375,
                "150": 341611
            }
        }
    }
}