{
    "2017": {
        "贵州": {
            "文科": {
                "720": 1,
                "719": 1,
                "718": 1,
                "717": 1,
                "716": 1,
                "715": 1,
                "714": 1,
                "713": 1,
                "712": 1,
                "711": 1,
                "710": 1,
                "709": 1,
                "708": 2,
                "707": 2,
                "706": 2,
                "705": 2,
                "704": 2,
                "703": 2,
                "702": 2,
                "701": 4,
                "700": 6,
                "699": 6,
                "698": 6,
                "697": 9,
                "696": 9,
                "695": 7,
                "694": 9,
                "693": 9,
                "692": 9,
                "691": 9,
                "690": 12,
                "689": 12,
                "688": 15,
                "687": 16,
                "686": 17,
                "685": 18,
                "684": 20,
                "683": 22,
                "682": 24,
                "681": 25,
                "680": 30,
                "679": 35,
                "678": 38,
                "677": 42,
                "676": 46,
                "675": 49,
                "674": 53,
                "673": 59,
                "672": 64,
                "671": 68,
                "670": 74,
                "669": 80,
                "668": 88,
                "667": 96,
                "666": 103,
                "665": 108,
                "664": 117,
                "663": 131,
                "662": 143,
                "661": 152,
                "660": 165,
                "659": 179,
                "658": 186,
                "657": 198,
                "656": 209,
                "655": 219,
                "654": 233,
                "653": 246,
                "652": 262,
                "651": 283,
                "650": 299,
                "649": 327,
                "648": 346,
                "647": 361,
                "646": 390,
                "645": 418,
                "644": 443,
                "643": 465,
                "642": 487,
                "641": 507,
                "640": 536,
                "639": 556,
                "638": 586,
                "637": 622,
                "636": 664,
                "635": 697,
                "634": 727,
                "633": 770,
                "632": 815,
                "631": 854,
                "630": 886,
                "628": 958,
                "627": 996,
                "626": 1038,
                "625": 1075,
                "624": 1110,
                "623": 1162,
                "622": 1221,
                "621": 1276,
                "620": 1329,
                "619": 1390,
                "618": 1448,
                "617": 1505,
                "616": 1577,
                "615": 1644,
                "614": 1714,
                "613": 1789,
                "612": 1852,
                "611": 1924,
                "610": 1996,
                "609": 2062,
                "608": 2123,
                "607": 2187,
                "606": 2254,
                "605": 2326,
                "604": 2399,
                "603": 2470,
                "602": 2561,
                "601": 2640,
                "600": 2722,
                "599": 2804,
                "598": 2896,
                "597": 2989,
                "596": 3096,
                "595": 3197,
                "594": 3293,
                "593": 3385,
                "592": 3480,
                "591": 3571,
                "590": 3676,
                "589": 3781,
                "588": 3885,
                "587": 3982,
                "586": 4098,
                "585": 4215,
                "584": 4326,
                "583": 4451,
                "582": 4569,
                "581": 4686,
                "580": 4793,
                "579": 4916,
                "578": 5027,
                "577": 5168,
                "576": 5290,
                "575": 5434,
                "574": 5561,
                "573": 5690,
                "572": 5835,
                "571": 5988,
                "570": 6140,
                "569": 6310,
                "568": 6482,
                "567": 6630,
                "566": 6785,
                "565": 6935,
                "564": 7083,
                "563": 7235,
                "562": 7404,
                "561": 7560,
                "560": 7715,
                "559": 7901,
                "558": 8098,
                "557": 8280,
                "556": 8472,
                "555": 8646,
                "554": 8832,
                "553": 9009,
                "552": 9203,
                "551": 9413,
                "550": 9607,
                "549": 9839,
                "548": 10037,
                "547": 10266,
                "546": 10493,
                "545": 10703
            }
        }
    }
}
