{
    "2017": {
        "四川": {
            "文科": {
                "654": 11,
                "653": 12,
                "652": 17,
                "651": 21,
                "650": 25,
                "649": 29,
                "648": 33,
                "647": 36,
                "646": 42,
                "645": 49,
                "644": 54,
                "643": 55,
                "642": 61,
                "641": 70,
                "640": 74,
                "639": 80,
                "638": 88,
                "637": 94,
                "636": 113,
                "635": 127,
                "634": 138,
                "633": 146,
                "632": 161,
                "631": 174,
                "630": 191,
                "629": 208,
                "628": 236,
                "627": 253,
                "626": 275,
                "625": 297,
                "624": 317,
                "623": 335,
                "622": 357,
                "621": 382,
                "620": 403,
                "619": 434,
                "618": 462,
                "617": 488,
                "616": 523,
                "615": 559,
                "614": 603,
                "613": 641,
                "612": 677,
                "611": 723,
                "610": 768,
                "609": 818,
                "608": 872,
                "607": 912,
                "606": 966,
                "605": 1028,
                "604": 1083,
                "603": 1157,
                "602": 1238,
                "601": 1309,
                "600": 1366,
                "599": 1446,
                "598": 1524,
                "597": 1616,
                "596": 1698,
                "595": 1790,
                "594": 1898,
                "593": 2008,
                "592": 2104,
                "591": 2216,
                "590": 2341,
                "589": 2443,
                "588": 2576,
                "587": 2695,
                "586": 2815,
                "585": 2956,
                "584": 3108,
                "583": 3245,
                "582": 3417,
                "581": 3571,
                "580": 3754,
                "579": 3909,
                "578": 4073,
                "577": 4241,
                "576": 4448,
                "575": 4649,
                "574": 4846,
                "573": 5047,
                "572": 5259,
                "571": 5464,
                "570": 5676,
                "569": 5902,
                "568": 6179,
                "567": 6432,
                "566": 6728,
                "565": 6995,
                "564": 7291,
                "563": 7553,
                "562": 7843,
                "561": 8158,
                "560": 8457,
                "559": 8777,
                "558": 9100,
                "557": 9434,
                "556": 9771,
                "555": 10126,
                "554": 10457,
                "553": 10800,
                "552": 11184,
                "551": 11577,
                "550": 12024,
                "549": 12436,
                "548": 12882,
                "547": 13349,
                "546": 13804,
                "545": 14246,
                "544": 14708,
                "543": 15149,
                "542": 15603,
                "541": 16114,
                "540": 16571,
                "539": 17073,
                "538": 17637,
                "537": 18132,
                "536": 18640,
                "535": 19178,
                "534": 19725,
                "533": 20271,
                "532": 20817,
                "531": 21370,
                "530": 21959,
                "529": 22566,
                "528": 23192,
                "527": 23820,
                "526": 24457,
                "525": 25087,
                "524": 25723,
                "523": 26394,
                "522": 27085,
                "521": 27773,
                "520": 28408,
                "519": 29094,
                "518": 29788,
                "517": 30524,
                "516": 31264,
                "515": 31943,
                "514": 32663,
                "513": 33358,
                "512": 34097,
                "511": 34860,
                "510": 35619,
                "509": 36330,
                "508": 37065,
                "507": 37858,
                "506": 38633,
                "505": 39412,
                "504": 40176,
                "503": 40982,
                "502": 41750,
                "501": 42538,
                "500": 43340,
                "499": 44127,
                "498": 44973,
                "497": 45751,
                "496": 46533,
                "495": 47319,
                "494": 48124,
                "493": 48913,
                "492": 49704,
                "491": 50464,
                "490": 51263,
                "489": 52036,
                "488": 52824,
                "487": 53630,
                "486": 54423,
                "485": 55251,
                "484": 56078,
                "483": 56874,
                "482": 57652,
                "481": 58452,
                "480": 59253,
                "479": 60022,
                "478": 60831,
                "477": 61609,
                "476": 62362,
                "475": 63157,
                "474": 63968,
                "473": 64781,
                "472": 65620,
                "471": 66489,
                "470": 67258,
                "469": 68056,
                "468": 68879,
                "467": 69670,
                "466": 70455,
                "465": 71207,
                "464": 71955,
                "463": 72762,
                "462": 73495,
                "461": 74254,
                "460": 75038,
                "459": 75750,
                "458": 76508,
                "457": 77291,
                "456": 78008,
                "455": 78784,
                "454": 79529,
                "453": 80303,
                "452": 81054,
                "451": 81786,
                "450": 82527,
                "449": 83246,
                "448": 83940,
                "447": 84647,
                "446": 85396,
                "445": 86071,
                "444": 86757,
                "443": 87501,
                "442": 88219,
                "441": 88873,
                "440": 89564,
                "439": 90271,
                "438": 90937,
                "437": 91583,
                "436": 92238,
                "435": 92950,
                "434": 93606,
                "433": 94263,
                "432": 94960,
                "431": 95693,
                "430": 96416,
                "429": 97157,
                "428": 97850,
                "427": 98527,
                "426": 99207,
                "425": 99901,
                "424": 100589,
                "423": 101297,
                "422": 101959,
                "421": 102637,
                "420": 103306,
                "419": 103985,
                "418": 104652,
                "417": 105312,
                "416": 105973,
                "415": 106628,
                "414": 107309,
                "413": 107937,
                "412": 108638,
                "411": 109219,
                "410": 109904,
                "409": 110561,
                "408": 111200,
                "407": 111837,
                "406": 112519,
                "405": 113178,
                "404": 113859,
                "403": 114476,
                "402": 115090,
                "401": 115748,
                "400": 116366,
                "399": 117026,
                "398": 117651,
                "397": 118298,
                "396": 118907,
                "395": 119485,
                "394": 120141,
                "393": 120808,
                "392": 121453,
                "391": 122071,
                "390": 122708,
                "389": 123343,
                "388": 123975,
                "387": 124605,
                "386": 125232,
                "385": 125885,
                "384": 126505,
                "383": 127094,
                "382": 127676,
                "381": 128323,
                "380": 128951,
                "379": 129545,
                "378": 130171,
                "377": 130771,
                "376": 131364,
                "375": 131991,
                "374": 132601,
                "373": 133196,
                "372": 133828,
                "371": 134402,
                "370": 135037,
                "369": 135645,
                "368": 136267,
                "367": 136884,
                "366": 137481,
                "365": 138046,
                "364": 138597,
                "363": 139181,
                "362": 139735,
                "361": 140333,
                "360": 140950,
                "359": 141518,
                "358": 142080,
                "357": 142661,
                "356": 143275,
                "355": 143857,
                "354": 144447,
                "353": 145038,
                "352": 145642,
                "351": 146255,
                "350": 146851,
                "349": 147431,
                "348": 147970,
                "347": 148544,
                "346": 149131,
                "345": 149680,
                "344": 150239,
                "343": 150820,
                "342": 151380,
                "341": 151958,
                "340": 152506,
                "339": 153093,
                "338": 153622,
                "337": 154165,
                "336": 154719,
                "335": 155291,
                "334": 155844,
                "333": 156411,
                "332": 156931,
                "331": 157458,
                "330": 158014,
                "329": 158543,
                "328": 159066,
                "327": 159588,
                "326": 160095,
                "325": 160591,
                "324": 161105,
                "323": 161614,
                "322": 162138,
                "321": 162645,
                "320": 163124,
                "319": 163610,
                "318": 164113,
                "317": 164571,
                "316": 165032,
                "315": 165539,
                "314": 165999,
                "313": 166514,
                "312": 166979,
                "311": 167498,
                "310": 167953,
                "309": 168460,
                "308": 168919,
                "307": 169361,
                "306": 169830,
                "305": 170293,
                "304": 170728,
                "303": 171196,
                "302": 171654,
                "301": 172086,
                "300": 172540,
                "299": 173052,
                "298": 173477,
                "297": 173908,
                "296": 174316,
                "295": 174740,
                "294": 175165,
                "293": 175611,
                "292": 176041,
                "291": 176475,
                "290": 176917,
                "289": 177354,
                "288": 177762,
                "287": 178186,
                "286": 178585,
                "285": 178988,
                "284": 179378,
                "283": 179777,
                "282": 180208,
                "281": 180611,
                "280": 180971,
                "279": 181356,
                "278": 181734,
                "277": 182098,
                "276": 182465,
                "275": 182863,
                "274": 183215,
                "273": 183590,
                "272": 183978,
                "271": 184410,
                "270": 184752,
                "269": 185131,
                "268": 185456,
                "267": 185808,
                "266": 186168,
                "265": 186515,
                "264": 186841,
                "263": 187187,
                "262": 187544,
                "261": 187878,
                "260": 188222,
                "259": 188573,
                "258": 188896,
                "257": 189228,
                "256": 189564,
                "255": 189866,
                "254": 190142,
                "253": 190474,
                "252": 190786,
                "251": 191099,
                "250": 191443,
                "249": 191764,
                "248": 192079,
                "247": 192350,
                "246": 192619,
                "245": 192894,
                "244": 193172,
                "243": 193458,
                "242": 193753,
                "241": 193994,
                "240": 194278,
                "239": 194536,
                "238": 194800,
                "237": 195050,
                "236": 195306,
                "235": 195555,
                "234": 195810,
                "233": 196059,
                "232": 196278,
                "231": 196525,
                "230": 196729,
                "229": 196952,
                "228": 197172,
                "227": 197380,
                "226": 197574,
                "225": 197772,
                "224": 198008,
                "223": 198218,
                "222": 198417,
                "221": 198606,
                "220": 198808,
                "219": 199010,
                "218": 199210,
                "217": 199400,
                "216": 199589,
                "215": 199760,
                "214": 199927,
                "213": 200115,
                "212": 200274,
                "211": 200449,
                "210": 200596,
                "209": 200755,
                "208": 200915,
                "207": 201051,
                "206": 201188,
                "205": 201330,
                "204": 201491,
                "203": 201630,
                "202": 201775,
                "201": 201889,
                "200": 202013,
                "199": 202145,
                "198": 202262,
                "197": 202392,
                "196": 202515,
                "195": 202622,
                "194": 202723,
                "193": 202839,
                "192": 202944,
                "191": 203043,
                "190": 203140,
                "189": 203234,
                "188": 203329,
                "187": 203412,
                "186": 203498,
                "185": 203580,
                "184": 203686,
                "183": 203785,
                "182": 203891,
                "181": 203945,
                "180": 204022,
                "179": 204102,
                "178": 204174,
                "177": 204259,
                "176": 204324,
                "175": 204383,
                "174": 204447,
                "173": 204503,
                "172": 204563,
                "171": 204631,
                "170": 204697,
                "169": 204754,
                "168": 204822,
                "167": 204886,
                "166": 204939,
                "165": 205006,
                "164": 205034,
                "163": 205074,
                "162": 205122,
                "161": 205159,
                "160": 205201,
                "159": 205236,
                "158": 205263,
                "157": 205309,
                "156": 205353,
                "155": 205388,
                "154": 205411,
                "153": 205443,
                "152": 205464,
                "151": 205493,
                "150": 205523,
                "149": 205559,
                "148": 205578,
                "147": 205597,
                "146": 205616,
                "145": 205642,
                "144": 205653,
                "143": 205670,
                "142": 205688,
                "141": 205708,
                "140": 205730,
                "139": 205745,
                "138": 205762,
                "137": 205778,
                "136": 205795,
                "135": 205805,
                "134": 205823,
                "133": 205831,
                "132": 205849,
                "131": 205858,
                "130": 205871,
                "129": 205879,
                "128": 205889,
                "127": 205899,
                "126": 205912,
                "125": 205919,
                "124": 205927,
                "123": 205937,
                "122": 205941,
                "121": 205949,
                "120": 205956,
                "119": 205963,
                "118": 205973,
                "117": 205986,
                "116": 205994,
                "115": 205999,
                "114": 206004,
                "113": 206014,
                "112": 206018,
                "111": 206023,
                "110": 206026,
                "109": 206032,
                "108": 206038,
                "107": 206044,
                "106": 206048,
                "105": 206051,
                "104": 206059,
                "103": 206063,
                "102": 206065,
                "101": 206069,
                "100": 206073,
                "99": 206076,
                "98": 206080,
                "97": 206086,
                "96": 206089,
                "95": 206094,
                "94": 206096,
                "93": 206102,
                "92": 206105,
                "91": 206109,
                "90": 206113,
                "89": 206113,
                "88": 206120,
                "87": 206123,
                "86": 206125,
                "85": 206127,
                "84": 206130,
                "83": 206130,
                "82": 206131,
                "81": 206133,
                "80": 206134,
                "79": 206137,
                "78": 206139,
                "77": 206143,
                "76": 206147,
                "75": 206148,
                "74": 206148,
                "73": 206151,
                "72": 206153,
                "71": 206155,
                "70": 206155,
                "69": 206157,
                "68": 206160,
                "67": 206162,
                "66": 206165,
                "65": 206165,
                "64": 206166,
                "63": 206168,
                "62": 206168,
                "61": 206169,
                "60": 206170,
                "59": 206170,
                "58": 206171,
                "57": 206172,
                "56": 206172,
                "55": 206174,
                "54": 206174,
                "53": 206176,
                "52": 206177,
                "51": 206177,
                "50": 206179,
                "49": 206179,
                "48": 206180,
                "47": 206180,
                "46": 206181,
                "45": 206181,
                "44": 206181,
                "43": 206181,
                "42": 206182,
                "41": 206182,
                "40": 206183,
                "39": 206183,
                "38": 206183,
                "37": 206183,
                "36": 206184,
                "35": 206184,
                "34": 206185,
                "33": 206185,
                "32": 206185,
                "31": 206185,
                "30": 206187,
                "29": 206187,
                "28": 206187,
                "27": 206188,
                "26": 206189,
                "25": 206189,
                "24": 206190,
                "23": 206192,
                "22": 206192,
                "21": 206192,
                "20": 206194,
                "19": 206194,
                "18": 206194,
                "17": 206195,
                "16": 206196,
                "15": 206196,
                "14": 206196,
                "13": 206196,
                "12": 206196,
                "11": 206198,
                "10": 206200,
                "9": 206201,
                "8": 206201,
                "7": 206201,
                "6": 206202,
                "5": 206202,
                "4": 206202,
                "3": 206202,
                "2": 206205,
                "1": 206205,
                "0": 210150
            }
        }
    }
}