{
    "2017": {
        "宁夏": {
            "文科": {
                "600": 171,
                "599": 180,
                "598": 187,
                "597": 198,
                "596": 207,
                "595": 214,
                "594": 222,
                "593": 230,
                "592": 240,
                "591": 250,
                "590": 259,
                "589": 270,
                "588": 280,
                "587": 293,
                "586": 306,
                "585": 318,
                "584": 331,
                "583": 343,
                "582": 360,
                "581": 377,
                "580": 388,
                "579": 403,
                "578": 414,
                "577": 430,
                "576": 447,
                "575": 455,
                "574": 472,
                "573": 491,
                "572": 513,
                "571": 531,
                "570": 546,
                "569": 572,
                "568": 590,
                "567": 606,
                "566": 632,
                "565": 651,
                "564": 674,
                "563": 694,
                "562": 721,
                "561": 744,
                "560": 765,
                "559": 785,
                "558": 812,
                "557": 833,
                "556": 854,
                "555": 890,
                "554": 921,
                "553": 944,
                "552": 970,
                "551": 993,
                "550": 1025,
                "549": 1061,
                "548": 1101,
                "547": 1138,
                "546": 1172,
                "545": 1207,
                "544": 1236,
                "543": 1263,
                "542": 1296,
                "541": 1337,
                "540": 1375,
                "539": 1420,
                "538": 1448,
                "537": 1499,
                "536": 1536,
                "535": 1572,
                "534": 1616,
                "533": 1655,
                "532": 1712,
                "531": 1755,
                "530": 1801,
                "529": 1850,
                "528": 1905,
                "527": 1955,
                "526": 2005,
                "525": 2068,
                "524": 2130,
                "523": 2193,
                "522": 2258,
                "521": 2307,
                "520": 2361,
                "519": 2429,
                "518": 2482,
                "517": 2536,
                "516": 2586,
                "515": 2662,
                "514": 2724,
                "513": 2777,
                "512": 2831,
                "511": 2904,
                "510": 2968,
                "509": 3030,
                "508": 3112,
                "507": 3175,
                "506": 3235,
                "505": 3305,
                "504": 3378,
                "503": 3433,
                "502": 3512,
                "501": 3598,
                "500": 3681,
                "499": 3762,
                "498": 3832,
                "497": 3911,
                "496": 4008,
                "495": 4087,
                "494": 4158,
                "493": 4236,
                "492": 4323,
                "491": 4406,
                "490": 4490,
                "489": 4568,
                "488": 4658,
                "487": 4747,
                "486": 4817,
                "485": 4896,
                "484": 4977,
                "483": 5075,
                "482": 5169,
                "481": 5247,
                "480": 5330,
                "479": 5430,
                "478": 5515,
                "477": 5612,
                "476": 5707,
                "475": 5795,
                "474": 5885,
                "473": 5974,
                "472": 6052,
                "471": 6135,
                "470": 6237,
                "469": 6340,
                "468": 6424,
                "467": 6505,
                "466": 6591,
                "465": 6685,
                "464": 6779,
                "463": 6865,
                "462": 6953,
                "461": 7045,
                "460": 7128,
                "459": 7236,
                "458": 7318,
                "457": 7420,
                "456": 7500,
                "455": 7596,
                "454": 7683,
                "453": 7793,
                "452": 7881,
                "451": 7960,
                "450": 8044,
                "449": 8136,
                "448": 8212,
                "447": 8317,
                "446": 8423,
                "445": 8496,
                "444": 8588,
                "443": 8680,
                "442": 8753,
                "441": 8852,
                "440": 8950,
                "439": 9045,
                "438": 9147,
                "437": 9244,
                "436": 9341,
                "435": 9434,
                "434": 9535,
                "433": 9651,
                "432": 9741,
                "431": 9845,
                "430": 9934,
                "429": 9999,
                "428": 10100,
                "427": 10203,
                "426": 10275,
                "425": 10371,
                "424": 10470,
                "423": 10566,
                "422": 10665,
                "421": 10756,
                "420": 10872,
                "419": 10959,
                "418": 11063,
                "417": 11148,
                "416": 11237,
                "415": 11343,
                "414": 11438,
                "413": 11544,
                "412": 11658,
                "411": 11750,
                "410": 11840,
                "409": 11944,
                "408": 12029,
                "407": 12120,
                "406": 12222,
                "405": 12323,
                "404": 12440,
                "403": 12529,
                "402": 12626,
                "401": 12711,
                "400": 12796
            }
        }
    }
}