{
    "2017": {
        "青海": {
            "文科": {
                "629": 1,
                "628": 1,
                "627": 2,
                "626": 2,
                "625": 2,
                "624": 3,
                "623": 3,
                "622": 3,
                "621": 4,
                "620": 4,
                "619": 4,
                "618": 4,
                "617": 4,
                "616": 4,
                "615": 5,
                "614": 6,
                "613": 7,
                "612": 7,
                "611": 7,
                "610": 7,
                "609": 7,
                "608": 8,
                "607": 9,
                "606": 9,
                "605": 10,
                "604": 11,
                "603": 12,
                "602": 14,
                "601": 17,
                "600": 18,
                "599": 19,
                "598": 19,
                "597": 19,
                "596": 20,
                "595": 21,
                "594": 21,
                "593": 22,
                "592": 23,
                "591": 24,
                "590": 25,
                "589": 29,
                "588": 33,
                "587": 33,
                "586": 36,
                "585": 38,
                "584": 40,
                "583": 45,
                "582": 46,
                "581": 47,
                "580": 49,
                "579": 51,
                "578": 55,
                "577": 56,
                "576": 57,
                "575": 58,
                "574": 59,
                "573": 66,
                "572": 70,
                "571": 71,
                "570": 73,
                "569": 75,
                "568": 77,
                "567": 82,
                "566": 86,
                "565": 90,
                "564": 95,
                "563": 98,
                "562": 104,
                "561": 109,
                "560": 112,
                "559": 116,
                "558": 123,
                "557": 126,
                "556": 129,
                "555": 135,
                "554": 138,
                "553": 142,
                "552": 147,
                "551": 156,
                "550": 159,
                "549": 162,
                "548": 164,
                "547": 171,
                "546": 178,
                "545": 184,
                "544": 195,
                "543": 204,
                "542": 211,
                "541": 220,
                "540": 229,
                "539": 238,
                "538": 246,
                "537": 253,
                "536": 262,
                "535": 270,
                "534": 280,
                "533": 286,
                "532": 293,
                "531": 298,
                "530": 305,
                "529": 315,
                "528": 323,
                "527": 333,
                "526": 344,
                "525": 358,
                "524": 368,
                "523": 376,
                "522": 386,
                "521": 399,
                "520": 411,
                "519": 426,
                "518": 442,
                "517": 453,
                "516": 466,
                "515": 474,
                "514": 491,
                "513": 506,
                "512": 520,
                "511": 536,
                "510": 547,
                "509": 570,
                "508": 584,
                "507": 594,
                "506": 610,
                "505": 625,
                "504": 643,
                "503": 659,
                "502": 674,
                "501": 701,
                "500": 718,
                "499": 736,
                "498": 750,
                "497": 759,
                "496": 781,
                "495": 799,
                "494": 815,
                "493": 835,
                "492": 841,
                "491": 869,
                "490": 888,
                "489": 910,
                "488": 932,
                "487": 961,
                "486": 983,
                "485": 1003,
                "484": 1017,
                "483": 1045,
                "482": 1065,
                "481": 1076,
                "480": 1102,
                "479": 1130,
                "478": 1151,
                "477": 1177,
                "476": 1196,
                "475": 1214,
                "474": 1241,
                "473": 1263,
                "472": 1287,
                "471": 1312,
                "470": 1337,
                "469": 1367,
                "468": 1398,
                "467": 1426,
                "466": 1461,
                "465": 1483,
                "464": 1506,
                "463": 1534,
                "462": 1570,
                "461": 1605,
                "460": 1651,
                "459": 1676,
                "458": 1708,
                "457": 1734,
                "456": 1763,
                "455": 1811,
                "454": 1846,
                "453": 1877,
                "452": 1908,
                "451": 1929,
                "450": 1969,
                "449": 2008,
                "448": 2033,
                "447": 2064,
                "446": 2090,
                "445": 2131,
                "444": 2180,
                "443": 2210,
                "442": 2251,
                "441": 2284,
                "440": 2317,
                "439": 2361,
                "438": 2396,
                "437": 2431,
                "436": 2487,
                "435": 2541,
                "434": 2589,
                "433": 2626,
                "432": 2662,
                "431": 2696,
                "430": 2737,
                "429": 2782,
                "428": 2831,
                "427": 2877,
                "426": 2916,
                "425": 2972,
                "424": 3034,
                "423": 3085,
                "422": 3140,
                "421": 3194,
                "420": 3237,
                "419": 3279,
                "418": 3308,
                "417": 3344,
                "416": 3393,
                "415": 3442,
                "414": 3505,
                "413": 3553,
                "412": 3593,
                "411": 3635,
                "410": 3682,
                "409": 3730,
                "408": 3766,
                "407": 3808,
                "406": 3855,
                "405": 3906,
                "404": 3963,
                "403": 4019,
                "402": 4078,
                "401": 4123,
                "400": 4185,
                "399": 4232,
                "398": 4281,
                "397": 4342,
                "396": 4408,
                "395": 4454,
                "394": 4509,
                "393": 4568,
                "392": 4621,
                "391": 4679,
                "390": 4742,
                "389": 4793,
                "388": 4859,
                "387": 4905,
                "386": 4951,
                "385": 4992,
                "384": 5050,
                "383": 5099,
                "382": 5162,
                "381": 5196,
                "380": 5254,
                "379": 5309,
                "378": 5354,
                "377": 5397,
                "376": 5450,
                "375": 5501,
                "374": 5537,
                "373": 5583,
                "372": 5629,
                "371": 5672,
                "370": 5717,
                "369": 5759,
                "368": 5805,
                "367": 5849,
                "366": 5908,
                "365": 5952,
                "364": 5989,
                "363": 6029,
                "362": 6079,
                "361": 6113,
                "360": 6163,
                "359": 6203,
                "358": 6240,
                "357": 6287,
                "356": 6321,
                "355": 6362,
                "354": 6403,
                "353": 6430,
                "352": 6470,
                "351": 6514,
                "350": 6553,
                "349": 6601,
                "348": 6654,
                "347": 6692,
                "346": 6721,
                "345": 6756,
                "344": 6789,
                "343": 6818,
                "342": 6858,
                "341": 6902,
                "340": 6939,
                "339": 6976,
                "338": 6999,
                "337": 7035,
                "336": 7062,
                "335": 7100,
                "334": 7130,
                "333": 7170,
                "332": 7207,
                "331": 7246,
                "330": 7281,
                "329": 7317,
                "328": 7358,
                "327": 7392,
                "326": 7432,
                "325": 7462,
                "324": 7490,
                "323": 7516,
                "322": 7551,
                "321": 7582,
                "320": 7609,
                "319": 7627,
                "318": 7654,
                "317": 7678,
                "316": 7708,
                "315": 7736,
                "314": 7757,
                "313": 7787,
                "312": 7803,
                "311": 7820,
                "310": 7845,
                "309": 7863,
                "308": 7885,
                "307": 7909,
                "306": 7932,
                "305": 7951,
                "304": 7969,
                "303": 7988,
                "302": 8002,
                "301": 8018,
                "300": 8038,
                "299": 8056,
                "298": 8075,
                "297": 8094,
                "296": 8110,
                "295": 8129,
                "294": 8144,
                "293": 8155,
                "292": 8172,
                "291": 8191,
                "290": 8204,
                "289": 8217,
                "288": 8226,
                "287": 8242,
                "286": 8254,
                "285": 8264,
                "284": 8272,
                "283": 8288,
                "282": 8298,
                "281": 8308,
                "280": 8316,
                "279": 8325,
                "278": 8335,
                "277": 8343,
                "276": 8353,
                "275": 8362,
                "274": 8372,
                "273": 8378,
                "272": 8384,
                "271": 8389,
                "270": 8398,
                "269": 8401,
                "268": 8412,
                "267": 8419,
                "266": 8427,
                "265": 8436,
                "264": 8438,
                "263": 8447,
                "262": 8448,
                "261": 8453,
                "260": 8457,
                "259": 8465,
                "258": 8476,
                "257": 8481,
                "256": 8488,
                "255": 8495,
                "254": 8500,
                "253": 8505,
                "252": 8513,
                "251": 8518,
                "250": 8520,
                "249": 8525,
                "248": 8529,
                "247": 8534,
                "246": 8535,
                "245": 8539,
                "244": 8541,
                "243": 8542,
                "242": 8544,
                "241": 8546,
                "240": 8551,
                "239": 8555,
                "238": 8559,
                "237": 8563,
                "236": 8564,
                "235": 8565,
                "234": 8568,
                "233": 8572,
                "232": 8573,
                "231": 8578,
                "230": 8579,
                "229": 8579,
                "228": 8579,
                "227": 8579,
                "226": 8580,
                "225": 8581,
                "224": 8585,
                "223": 8588,
                "222": 8590,
                "221": 8591,
                "220": 8592,
                "219": 8593,
                "218": 8594,
                "217": 8595,
                "216": 8596,
                "215": 8600,
                "214": 8602,
                "213": 8602,
                "212": 8602,
                "211": 8603,
                "210": 8604,
                "209": 8604,
                "208": 8605,
                "207": 8606,
                "206": 8609,
                "205": 8609,
                "204": 8610,
                "203": 8610,
                "202": 8612,
                "201": 8613,
                "200": 8613,
                "199": 8613,
                "198": 8614,
                "197": 8615,
                "196": 8615,
                "195": 8616,
                "194": 8616,
                "193": 8616,
                "192": 8616,
                "191": 8616,
                "190": 8616,
                "189": 8616,
                "188": 8616,
                "187": 8616,
                "186": 8616,
                "185": 8616,
                "184": 8616,
                "183": 8616,
                "182": 8616,
                "181": 8616,
                "180": 8616,
                "179": 8616,
                "178": 8616,
                "177": 8616,
                "176": 8616,
                "175": 8617,
                "174": 8617,
                "173": 8617,
                "172": 8618,
                "171": 8619,
                "170": 8619,
                "169": 8620,
                "168": 8620,
                "167": 8620,
                "166": 8620,
                "165": 8620,
                "164": 8620,
                "163": 8620,
                "162": 8620,
                "161": 8620,
                "160": 8620,
                "159": 8620,
                "158": 8620,
                "157": 8620,
                "156": 8620,
                "155": 8620,
                "154": 8620,
                "153": 8621,
                "152": 8621,
                "151": 8621,
                "150": 8621,
                "149": 8621,
                "148": 8621,
                "147": 8621,
                "146": 8621,
                "145": 8621,
                "144": 8621,
                "143": 8621,
                "142": 8621,
                "141": 8621,
                "140": 8621,
                "139": 8621,
                "138": 8621,
                "137": 8621,
                "136": 8621,
                "135": 8621,
                "134": 8621,
                "133": 8621,
                "132": 8621,
                "131": 8621,
                "130": 8621,
                "129": 8621,
                "128": 8621,
                "127": 8621,
                "126": 8621,
                "125": 8621,
                "124": 8621,
                "123": 8621,
                "122": 8621,
                "121": 8621,
                "120": 8622,
                "119": 8622,
                "118": 8623
            }
        }
    }
}