{
    "2017": {
        "上海": {
            "综合": {
                "604": 47,
                "603": 55,
                "602": 69,
                "601": 85,
                "600": 101,
                "599": 112,
                "598": 128,
                "597": 137,
                "596": 156,
                "595": 179,
                "594": 195,
                "593": 220,
                "592": 249,
                "591": 279,
                "590": 323,
                "589": 357,
                "588": 394,
                "587": 439,
                "586": 473,
                "585": 514,
                "584": 558,
                "583": 606,
                "582": 650,
                "581": 712,
                "580": 771,
                "579": 860,
                "578": 929,
                "577": 1003,
                "576": 1083,
                "575": 1159,
                "574": 1242,
                "573": 1340,
                "572": 1427,
                "571": 1519,
                "570": 1621,
                "569": 1703,
                "568": 1799,
                "567": 1912,
                "566": 2000,
                "565": 2148,
                "564": 2263,
                "563": 2401,
                "562": 2525,
                "561": 2658,
                "560": 2792,
                "559": 2924,
                "558": 3056,
                "557": 3200,
                "556": 3323,
                "555": 3456,
                "554": 3585,
                "553": 3713,
                "552": 3868,
                "551": 4038,
                "550": 4177,
                "549": 4333,
                "548": 4469,
                "547": 4623,
                "546": 4814,
                "545": 4973,
                "544": 5118,
                "543": 5303,
                "542": 5493,
                "541": 5703,
                "540": 5875,
                "539": 6068,
                "538": 6266,
                "537": 6456,
                "536": 6651,
                "535": 6848,
                "534": 7048,
                "533": 7240,
                "532": 7424,
                "531": 7636,
                "530": 7832,
                "529": 8041,
                "528": 8266,
                "527": 8464,
                "526": 8667,
                "525": 8868,
                "524": 9063,
                "523": 9303,
                "522": 9545,
                "521": 9776,
                "520": 9985,
                "519": 10228,
                "518": 10424,
                "517": 10661,
                "516": 10887,
                "515": 11112,
                "514": 11357,
                "513": 11583,
                "512": 11795,
                "511": 12047,
                "510": 12301,
                "509": 12524,
                "508": 12766,
                "507": 13006,
                "506": 13241,
                "505": 13463,
                "504": 13715,
                "503": 13936,
                "502": 14168,
                "501": 14392,
                "500": 14620,
                "499": 14876,
                "498": 15101,
                "497": 15329,
                "496": 15562,
                "495": 15799,
                "494": 16067,
                "493": 16309,
                "492": 16570,
                "491": 16832,
                "490": 17046,
                "489": 17301,
                "488": 17535,
                "487": 17785,
                "486": 18034,
                "485": 18295,
                "484": 18536,
                "483": 18761,
                "482": 19000,
                "481": 19243,
                "480": 19499,
                "479": 19774,
                "478": 20019,
                "477": 20281,
                "476": 20508,
                "475": 20741,
                "474": 20952,
                "473": 21196,
                "472": 21437,
                "471": 21701,
                "470": 21920,
                "469": 22153,
                "468": 22408,
                "467": 22624,
                "466": 22871,
                "465": 23079,
                "464": 23287,
                "463": 23540,
                "462": 23752,
                "461": 23998,
                "460": 24235,
                "459": 24472,
                "458": 24698,
                "457": 24938,
                "456": 25164,
                "455": 25391,
                "454": 25632,
                "453": 25847,
                "452": 26066,
                "451": 26314,
                "450": 26550,
                "449": 26763,
                "448": 26976,
                "447": 27226,
                "446": 27465,
                "445": 27680,
                "444": 27887,
                "443": 28116,
                "442": 28340,
                "441": 28564,
                "440": 28765,
                "439": 28986,
                "438": 29216,
                "437": 29422,
                "436": 29616,
                "435": 29831,
                "434": 30034,
                "433": 30227,
                "432": 30412,
                "431": 30613,
                "430": 30826,
                "429": 31023,
                "428": 31212,
                "427": 31400,
                "426": 31573,
                "425": 31752,
                "424": 31932,
                "423": 32113,
                "422": 32283,
                "421": 32452,
                "420": 32636,
                "419": 32819,
                "418": 33002,
                "417": 33162,
                "416": 33333,
                "415": 33509,
                "414": 33697,
                "413": 33870,
                "412": 34059,
                "411": 34230,
                "410": 34376,
                "409": 34528,
                "408": 34673,
                "407": 34848,
                "406": 35000,
                "405": 35148,
                "404": 35312,
                "403": 35485,
                "402": 35649
            }
        }
    }
}
