{
    "2017": {
        "天津": {
            "文科": {
                "653": 12,
                "652": 13,
                "651": 15,
                "650": 18,
                "649": 21,
                "648": 22,
                "647": 24,
                "646": 29,
                "645": 32,
                "644": 35,
                "643": 38,
                "642": 42,
                "641": 52,
                "640": 58,
                "639": 64,
                "638": 69,
                "637": 75,
                "636": 83,
                "635": 93,
                "634": 99,
                "633": 111,
                "632": 117,
                "631": 124,
                "630": 132,
                "629": 142,
                "628": 152,
                "627": 158,
                "626": 169,
                "625": 176,
                "624": 186,
                "623": 195,
                "622": 206,
                "621": 216,
                "620": 227,
                "619": 238,
                "618": 250,
                "617": 259,
                "616": 269,
                "615": 280,
                "614": 300,
                "613": 313,
                "612": 323,
                "611": 333,
                "610": 343,
                "609": 356,
                "608": 371,
                "607": 391,
                "606": 412,
                "605": 427,
                "604": 444,
                "603": 458,
                "602": 479,
                "601": 500,
                "600": 530,
                "599": 558,
                "598": 576,
                "597": 594,
                "596": 624,
                "595": 642,
                "594": 656,
                "593": 680,
                "592": 710,
                "591": 736,
                "590": 763,
                "589": 793,
                "588": 819,
                "587": 841,
                "586": 866,
                "585": 889,
                "584": 918,
                "583": 947,
                "582": 975,
                "581": 1003,
                "580": 1035,
                "579": 1061,
                "578": 1087,
                "577": 1117,
                "576": 1152,
                "575": 1195,
                "574": 1231,
                "573": 1262,
                "572": 1296,
                "571": 1330,
                "570": 1370,
                "569": 1402,
                "568": 1437,
                "567": 1477,
                "566": 1526,
                "565": 1567,
                "564": 1604,
                "563": 1656,
                "562": 1690,
                "561": 1729,
                "560": 1765,
                "559": 1811,
                "558": 1854,
                "557": 1900,
                "556": 1952,
                "555": 1990,
                "554": 2030,
                "553": 2071,
                "552": 2111,
                "551": 2155,
                "550": 2206,
                "549": 2244,
                "548": 2293,
                "547": 2342,
                "546": 2388,
                "545": 2437,
                "544": 2485,
                "543": 2529,
                "542": 2589,
                "541": 2632,
                "540": 2674,
                "539": 2721,
                "538": 2764,
                "537": 2807,
                "536": 2857,
                "535": 2904,
                "534": 2951,
                "533": 2998,
                "532": 3048,
                "531": 3100,
                "530": 3150,
                "529": 3192,
                "528": 3250,
                "527": 3311,
                "526": 3364,
                "525": 3427,
                "524": 3483,
                "523": 3536,
                "522": 3592,
                "521": 3647,
                "520": 3710,
                "519": 3756,
                "518": 3818,
                "517": 3866,
                "516": 3931,
                "515": 3991,
                "514": 4042,
                "513": 4098,
                "512": 4146,
                "511": 4186,
                "510": 4240,
                "509": 4284,
                "508": 4347,
                "507": 4395,
                "506": 4460,
                "505": 4509,
                "504": 4581,
                "503": 4628,
                "502": 4687,
                "501": 4738,
                "500": 4803,
                "499": 4854,
                "498": 4911,
                "497": 4960,
                "496": 5034,
                "495": 5093,
                "494": 5149,
                "493": 5212,
                "492": 5272,
                "491": 5342,
                "490": 5402,
                "489": 5461,
                "488": 5512,
                "487": 5567,
                "486": 5635,
                "485": 5698,
                "484": 5757,
                "483": 5813,
                "482": 5862,
                "481": 5907,
                "480": 5967,
                "479": 6017,
                "478": 6072,
                "477": 6128,
                "476": 6183,
                "475": 6244,
                "474": 6306,
                "473": 6363,
                "472": 6415,
                "471": 6479,
                "470": 6548,
                "469": 6605,
                "468": 6658,
                "467": 6721,
                "466": 6778,
                "465": 6844,
                "464": 6906,
                "463": 6965,
                "462": 7019,
                "461": 7083,
                "460": 7133,
                "459": 7194,
                "458": 7255,
                "457": 7312,
                "456": 7378,
                "455": 7442,
                "454": 7492,
                "453": 7552,
                "452": 7612,
                "451": 7683,
                "450": 7735,
                "449": 7777,
                "448": 7834,
                "447": 7892,
                "446": 7950,
                "445": 7994,
                "444": 8047,
                "443": 8104,
                "442": 8157,
                "441": 8206,
                "440": 8268,
                "439": 8316,
                "438": 8371,
                "437": 8420,
                "436": 8484,
                "435": 8538,
                "434": 8591,
                "433": 8655,
                "432": 8705,
                "431": 8750,
                "430": 8789,
                "429": 8836,
                "428": 8898,
                "427": 8962,
                "426": 9012,
                "425": 9065,
                "424": 9113,
                "423": 9156,
                "422": 9207,
                "421": 9280,
                "420": 9338,
                "419": 9387,
                "418": 9437,
                "417": 9482,
                "416": 9538,
                "415": 9586,
                "414": 9640,
                "413": 9695,
                "412": 9746,
                "411": 9802,
                "410": 9869,
                "409": 9925,
                "408": 9958,
                "407": 10004,
                "406": 10056,
                "405": 10109,
                "404": 10159,
                "403": 10216,
                "402": 10262,
                "401": 10315,
                "400": 10367,
                "399": 10424,
                "398": 10476,
                "397": 10527,
                "396": 10574,
                "395": 10618,
                "394": 10674,
                "393": 10722,
                "392": 10789,
                "391": 10829,
                "390": 10876,
                "389": 10925,
                "388": 10970,
                "387": 11017,
                "386": 11055,
                "385": 11093,
                "384": 11130,
                "383": 11175,
                "382": 11214,
                "381": 11258,
                "380": 11294,
                "379": 11329,
                "378": 11368,
                "377": 11413,
                "376": 11471,
                "375": 11510,
                "374": 11566,
                "373": 11618,
                "372": 11671,
                "371": 11717,
                "370": 11768,
                "369": 11812,
                "368": 11842,
                "367": 11883,
                "366": 11911,
                "365": 11946,
                "364": 11986,
                "363": 12027,
                "362": 12081,
                "361": 12120,
                "360": 12156,
                "359": 12189,
                "358": 12220,
                "357": 12254,
                "356": 12281,
                "355": 12334,
                "354": 12374,
                "353": 12413,
                "352": 12449,
                "351": 12481,
                "350": 12514,
                "349": 12560,
                "348": 12599,
                "347": 12634,
                "346": 12671,
                "345": 12702,
                "344": 12730,
                "343": 12768,
                "342": 12805,
                "341": 12839,
                "340": 12875,
                "339": 12917,
                "338": 12950,
                "337": 12975,
                "336": 13005,
                "335": 13040,
                "334": 13081,
                "333": 13115,
                "332": 13143,
                "331": 13177,
                "330": 13208,
                "329": 13242,
                "328": 13271,
                "327": 13303,
                "326": 13341
            }
        }
    }
}