{
    "2018": {
        "安徽": {
            "文科": {
                "678": 1,
                "677": 2,
                "676": 2,
                "675": 2,
                "674": 3,
                "673": 3,
                "672": 3,
                "671": 5,
                "670": 9,
                "669": 11,
                "668": 13,
                "667": 15,
                "666": 17,
                "665": 19,
                "664": 25,
                "663": 28,
                "662": 30,
                "661": 34,
                "660": 40,
                "659": 46,
                "658": 50,
                "657": 56,
                "656": 60,
                "655": 64,
                "654": 73,
                "653": 88,
                "652": 102,
                "651": 113,
                "650": 127,
                "649": 141,
                "648": 162,
                "647": 182,
                "646": 194,
                "645": 218,
                "644": 247,
                "643": 266,
                "642": 297,
                "641": 336,
                "640": 369,
                "639": 406,
                "638": 443,
                "637": 479,
                "636": 523,
                "635": 557,
                "634": 608,
                "633": 666,
                "632": 707,
                "631": 748,
                "630": 810,
                "629": 872,
                "628": 938,
                "627": 991,
                "626": 1053,
                "625": 1123,
                "624": 1201,
                "623": 1276,
                "622": 1344,
                "621": 1421,
                "620": 1506,
                "619": 1577,
                "618": 1665,
                "617": 1756,
                "616": 1858,
                "615": 1971,
                "614": 2088,
                "613": 2184,
                "612": 2284,
                "611": 2391,
                "610": 2516,
                "609": 2635,
                "608": 2752,
                "607": 2893,
                "606": 3025,
                "605": 3157,
                "604": 3312,
                "603": 3461,
                "602": 3614,
                "601": 3749,
                "600": 3920,
                "599": 4068,
                "598": 4230,
                "597": 4414,
                "596": 4618,
                "595": 4795,
                "594": 4981,
                "593": 5171,
                "592": 5380,
                "591": 5590,
                "590": 5801,
                "589": 5999,
                "588": 6242,
                "587": 6465,
                "586": 6713,
                "585": 6948,
                "584": 7213,
                "583": 7463,
                "582": 7720,
                "581": 8010,
                "580": 8282,
                "579": 8564,
                "578": 8829,
                "577": 9120,
                "576": 9420,
                "575": 9712,
                "574": 10013,
                "573": 10291,
                "572": 10583,
                "571": 10893,
                "570": 11195,
                "569": 11529,
                "568": 11839,
                "567": 12150,
                "566": 12515,
                "565": 12882,
                "564": 13230,
                "563": 13599,
                "562": 13953,
                "561": 14331,
                "560": 14672,
                "559": 15049,
                "558": 15447,
                "557": 15784,
                "556": 16161,
                "555": 16552,
                "554": 16965,
                "553": 17402,
                "552": 17810,
                "551": 18224,
                "550": 18650
            }
        }
    }
}