{
    "2018": {
        "天津": {
            "文科": {
                "682": 5,
                "681": 7,
                "680": 7,
                "679": 8,
                "678": 9,
                "677": 9,
                "676": 11,
                "675": 13,
                "674": 15,
                "673": 19,
                "672": 21,
                "671": 23,
                "670": 24,
                "669": 26,
                "668": 28,
                "667": 30,
                "666": 31,
                "665": 35,
                "664": 38,
                "663": 43,
                "662": 47,
                "661": 48,
                "660": 57,
                "659": 60,
                "658": 63,
                "657": 69,
                "656": 76,
                "655": 81,
                "654": 91,
                "653": 97,
                "652": 102,
                "651": 109,
                "650": 113,
                "649": 118,
                "648": 124,
                "647": 132,
                "646": 140,
                "645": 148,
                "644": 159,
                "643": 165,
                "642": 173,
                "641": 183,
                "640": 200,
                "639": 215,
                "638": 222,
                "637": 233,
                "636": 242,
                "635": 260,
                "634": 271,
                "633": 282,
                "632": 307,
                "631": 322,
                "630": 340,
                "629": 355,
                "628": 373,
                "627": 395,
                "626": 413,
                "625": 445,
                "624": 474,
                "623": 494,
                "622": 515,
                "621": 529,
                "620": 553,
                "619": 579,
                "618": 612,
                "617": 638,
                "616": 662,
                "615": 688,
                "614": 721,
                "613": 737,
                "612": 759,
                "611": 790,
                "610": 816,
                "609": 850,
                "608": 893,
                "607": 920
            }
        }
    }
}