{
    "2018": {
        "广东": {
            "文科": {
                "658": 20,
                "657": 20,
                "656": 21,
                "655": 25,
                "654": 30,
                "653": 37,
                "652": 40,
                "651": 43,
                "650": 53,
                "649": 58,
                "648": 65,
                "647": 73,
                "646": 86,
                "645": 98,
                "644": 111,
                "643": 123,
                "642": 136,
                "641": 155,
                "640": 169,
                "639": 184,
                "638": 203,
                "637": 228,
                "636": 246,
                "635": 270,
                "634": 291,
                "633": 319,
                "632": 349,
                "631": 389,
                "630": 424,
                "629": 453,
                "628": 494,
                "627": 530,
                "626": 565,
                "625": 613,
                "624": 658,
                "623": 710,
                "622": 746,
                "621": 804,
                "620": 858,
                "619": 927,
                "618": 985,
                "617": 1066,
                "616": 1145,
                "615": 1208,
                "614": 1299,
                "613": 1364,
                "612": 1461,
                "611": 1554,
                "610": 1643,
                "609": 1740,
                "608": 1827,
                "607": 1941,
                "606": 2042,
                "605": 2169,
                "604": 2285,
                "603": 2424,
                "602": 2566,
                "601": 2702,
                "600": 2838,
                "599": 3000,
                "598": 3134,
                "597": 3294,
                "596": 3439,
                "595": 3614,
                "594": 3796,
                "593": 3978,
                "592": 4145,
                "591": 4331,
                "590": 4509,
                "589": 4692,
                "588": 4890,
                "587": 5088,
                "586": 5312,
                "585": 5528,
                "584": 5757,
                "583": 5989,
                "582": 6258,
                "581": 6519,
                "580": 6776,
                "579": 7022,
                "578": 7273,
                "577": 7538,
                "576": 7793,
                "575": 8090,
                "574": 8403,
                "573": 8710,
                "572": 9028,
                "571": 9342,
                "570": 9667,
                "569": 10022,
                "568": 10331,
                "567": 10649,
                "566": 11005,
                "565": 11421,
                "564": 11777,
                "563": 12124,
                "562": 12494,
                "561": 12893,
                "560": 13285,
                "559": 13690,
                "558": 14116,
                "557": 14519,
                "556": 14921,
                "555": 15333,
                "554": 15800,
                "553": 16236,
                "552": 16704,
                "551": 17151,
                "550": 17575,
                "549": 18040,
                "548": 18541,
                "547": 19032,
                "546": 19517,
                "545": 20031,
                "544": 20533,
                "543": 21066,
                "542": 21618,
                "541": 22133,
                "540": 22674,
                "539": 23226,
                "538": 23763,
                "537": 24314,
                "536": 24881,
                "535": 25511,
                "534": 26113,
                "533": 26713,
                "532": 27281,
                "531": 27872,
                "530": 28438,
                "529": 29058,
                "528": 29658,
                "527": 30310,
                "526": 30957,
                "525": 31575,
                "524": 32252,
                "523": 32884,
                "522": 33509,
                "521": 34158,
                "520": 34845,
                "519": 35509,
                "518": 36206,
                "517": 36890,
                "516": 37527,
                "515": 38214
            }
        }
    }
}