{
    "2018": {
        "湖北": {
            "理科": {
                "692": 64,
                "691": 72,
                "690": 86,
                "689": 98,
                "688": 107,
                "687": 124,
                "686": 150,
                "685": 169,
                "684": 192,
                "683": 215,
                "682": 234,
                "681": 262,
                "680": 286,
                "679": 313,
                "678": 343,
                "677": 373,
                "676": 410,
                "675": 448,
                "674": 493,
                "673": 519,
                "672": 581,
                "671": 624,
                "670": 673,
                "669": 742,
                "668": 810,
                "667": 890,
                "666": 956,
                "665": 1039,
                "664": 1094,
                "663": 1158,
                "662": 1238,
                "661": 1315,
                "660": 1424,
                "659": 1519,
                "658": 1624,
                "657": 1714,
                "656": 1812,
                "655": 1911,
                "654": 2008,
                "653": 2121,
                "652": 2257,
                "651": 2367,
                "650": 2477,
                "649": 2613,
                "648": 2754,
                "647": 2907,
                "646": 3035,
                "645": 3198,
                "644": 3352,
                "643": 3488,
                "642": 3633,
                "641": 3799,
                "640": 3967,
                "639": 4112,
                "638": 4286,
                "637": 4444,
                "636": 4619,
                "635": 4777,
                "634": 4955,
                "633": 5136,
                "632": 5309,
                "631": 5479,
                "630": 5678,
                "629": 5899,
                "628": 6100,
                "627": 6286,
                "626": 6501,
                "625": 6701,
                "624": 6897,
                "623": 7113,
                "622": 7338,
                "621": 7551,
                "620": 7810
            }
        }
    }
}