{
    "2018": {
        "湖南": {
            "理科": {
                "701.0": 20,
                "700.0": 23,
                "699.0": 26,
                "698.0": 30,
                "697.0": 35,
                "696.0": 40,
                "695.0": 46,
                "694.0": 55,
                "693.0": 66,
                "692.0": 84,
                "691.0": 93,
                "690.0": 106,
                "689.0": 117,
                "688.0": 131,
                "687.0": 146,
                "686.0": 161,
                "685.0": 175,
                "684.0": 195,
                "683.0": 215,
                "682.0": 239,
                "681.0": 265,
                "680.0": 295,
                "679.0": 328,
                "678.0": 354,
                "677.0": 391,
                "676.0": 421,
                "675.0": 473,
                "674.0": 514,
                "673.0": 549,
                "672.0": 595,
                "671.0": 639,
                "670.0": 690,
                "669.0": 744,
                "668.0": 792,
                "667.0": 852,
                "666.0": 908,
                "665.0": 980,
                "664.0": 1045,
                "663.0": 1113,
                "662.0": 1186,
                "661.0": 1258,
                "660.0": 1333,
                "659.0": 1408,
                "658.0": 1489,
                "657.0": 1565,
                "656.0": 1669,
                "655.0": 1742,
                "654.0": 1817,
                "653.0": 1907,
                "652.0": 2000,
                "651.0": 2102,
                "650.0": 2215,
                "649.0": 2304,
                "648.0": 2398,
                "647.0": 2510,
                "646.0": 2622,
                "645.0": 2742,
                "644.0": 2854,
                "643.0": 2967,
                "642.0": 3076,
                "641.0": 3204,
                "640.0": 3333,
                "639.0": 3458,
                "638.0": 3601,
                "637.0": 3769,
                "636.0": 3905,
                "635.0": 4057,
                "634.0": 4208,
                "633.0": 4364,
                "632.0": 4539,
                "631.0": 4705,
                "630.0": 4875,
                "629.0": 5061,
                "628.0": 5234,
                "627.0": 5433,
                "626.0": 5630,
                "625.0": 5836,
                "624.0": 6020,
                "623.0": 6206,
                "622.0": 6399,
                "621.0": 6588,
                "620.0": 6801,
                "619.0": 7018,
                "618.0": 7203,
                "617.0": 7416,
                "616.0": 7630,
                "615.0": 7867,
                "614.0": 8086,
                "613.0": 8321,
                "612.0": 8566,
                "611.0": 8822,
                "610.0": 9083,
                "609.0": 9360,
                "608.0": 9601,
                "607.0": 9855,
                "606.0": 10127,
                "605.0": 10407,
                "604.0": 10685,
                "603.0": 10961,
                "602.0": 11231,
                "601.0": 11511,
                "600.0": 11801,
                "599.0": 12101,
                "598.0": 12425,
                "597.0": 12721,
                "596.0": 13006,
                "595.0": 13324,
                "594.0": 13633,
                "593.0": 13937,
                "592.0": 14263,
                "591.0": 14569,
                "590.0": 14929,
                "589.0": 15283,
                "588.0": 15679,
                "587.0": 16049,
                "586.0": 16394,
                "585.0": 16780,
                "584.0": 17124,
                "583.0": 17472,
                "582.0": 17813,
                "581.0": 18207,
                "580.0": 18608,
                "579.0": 19020,
                "578.0": 19404,
                "577.0": 19778,
                "576.0": 20174,
                "575.0": 20595,
                "574.0": 21036,
                "573.0": 21468,
                "572.0": 21903,
                "571.0": 22326,
                "570.0": 22744,
                "569.0": 23159,
                "568.0": 23608,
                "567.0": 24084,
                "566.0": 24529,
                "565.0": 24993,
                "564.0": 25446,
                "563.0": 25909,
                "562.0": 26385,
                "561.0": 26838,
                "560.0": 27282,
                "559.0": 27774,
                "558.0": 28231,
                "557.0": 28691,
                "556.0": 29165,
                "555.0": 29682,
                "554.0": 30200,
                "553.0": 30713,
                "552.0": 31221,
                "551.0": 31719,
                "550.0": 32235,
                "549.0": 32765,
                "548.0": 33283,
                "547.0": 33809,
                "546.0": 34335,
                "545.0": 34878,
                "544.0": 35427,
                "543.0": 36006,
                "542.0": 36562,
                "541.0": 37102,
                "540.0": 37655,
                "539.0": 38218,
                "538.0": 38779,
                "537.0": 39353,
                "536.0": 39924,
                "535.0": 40518,
                "534.0": 41081,
                "533.0": 41710,
                "532.0": 42354,
                "531.0": 42930,
                "530.0": 43487,
                "529.0": 44106,
                "528.0": 44742,
                "527.0": 45313,
                "526.0": 45879,
                "525.0": 46479,
                "524.0": 47070,
                "523.0": 47679,
                "522.0": 48295,
                "521.0": 48911,
                "520.0": 49551,
                "519.0": 50154,
                "518.0": 50787,
                "517.0": 51485,
                "516.0": 52143,
                "515.0": 52778,
                "514.0": 53395,
                "513.0": 54018
            }
        }
    }
}