{
    "2019": {
        "浙江": {
            "综合": {
                "695": 330,
                "694": 368,
                "693": 421,
                "692": 480,
                "691": 530,
                "690": 609,
                "689": 682,
                "688": 767,
                "687": 844,
                "686": 924,
                "685": 1010,
                "684": 1100,
                "683": 1203,
                "682": 1325,
                "681": 1453,
                "680": 1566,
                "679": 1737,
                "678": 1875,
                "677": 2008,
                "676": 2173,
                "675": 2359,
                "674": 2560,
                "673": 2764,
                "672": 2979,
                "671": 3173,
                "670": 3357,
                "669": 3577,
                "668": 3830,
                "667": 4107,
                "666": 4360,
                "665": 4654,
                "664": 4923,
                "663": 5241,
                "662": 5544,
                "661": 5850,
                "660": 6191,
                "659": 6534,
                "658": 6898,
                "657": 7285,
                "656": 7626,
                "655": 8018,
                "654": 8428,
                "653": 8856,
                "652": 9265,
                "651": 9718,
                "650": 10204,
                "649": 10674,
                "648": 11134,
                "647": 11590,
                "646": 12107,
                "645": 12631,
                "644": 13153,
                "643": 13654,
                "642": 14198,
                "641": 14771,
                "640": 15389,
                "639": 15930,
                "638": 16529,
                "637": 17168,
                "636": 17767,
                "635": 18412,
                "634": 19084,
                "633": 19732,
                "632": 20395,
                "631": 21076,
                "630": 21775,
                "629": 22470,
                "628": 23202,
                "627": 23939,
                "626": 24699,
                "625": 25475,
                "624": 26238,
                "623": 27016,
                "622": 27779,
                "621": 28647,
                "620": 29447,
                "619": 30324,
                "618": 31163,
                "617": 32042,
                "616": 32914,
                "615": 33835,
                "614": 34679,
                "613": 35539,
                "612": 36451,
                "611": 37312,
                "610": 38242,
                "609": 39191,
                "608": 40212,
                "607": 41188,
                "606": 42163,
                "605": 43125,
                "604": 44082,
                "603": 45076,
                "602": 46093,
                "601": 47112,
                "600": 48107,
                "599": 49111,
                "598": 50121,
                "597": 51131,
                "596": 52199,
                "595": 53225
            }
        }
    }
}