{
    "2019": {
        "湖北": {
            "理科": {
                "688": 58,
                "687": 66,
                "686": 75,
                "685": 83,
                "684": 96,
                "683": 106,
                "682": 119,
                "681": 130,
                "680": 143,
                "679": 167,
                "678": 190,
                "677": 219,
                "676": 243,
                "675": 268,
                "674": 284,
                "673": 308,
                "672": 335,
                "671": 366,
                "670": 396,
                "669": 416,
                "668": 450,
                "667": 487,
                "666": 515,
                "665": 555,
                "664": 604,
                "663": 657,
                "662": 705,
                "661": 756,
                "660": 808,
                "659": 859,
                "658": 921,
                "657": 983,
                "656": 1055,
                "655": 1130,
                "654": 1194,
                "653": 1261,
                "652": 1345,
                "651": 1430,
                "650": 1518,
                "649": 1611,
                "648": 1711,
                "647": 1800,
                "646": 1892,
                "645": 1994,
                "644": 2082,
                "643": 2189,
                "642": 2305,
                "641": 2417,
                "640": 2519,
                "639": 2652,
                "638": 2773,
                "637": 2880,
                "636": 2997,
                "635": 3123,
                "634": 3268,
                "633": 3404,
                "632": 3558,
                "631": 3700,
                "630": 3852,
                "629": 4000,
                "628": 4145,
                "627": 4306,
                "626": 4477,
                "625": 4666,
                "624": 4848,
                "623": 5031,
                "622": 5239,
                "621": 5427,
                "620": 5602,
                "619": 5777,
                "618": 5947,
                "617": 6148,
                "616": 6361,
                "615": 6586,
                "614": 6814,
                "613": 7033,
                "612": 7274,
                "611": 7528,
                "610": 7771,
                "609": 8018,
                "608": 8237,
                "607": 8452,
                "606": 8682,
                "605": 8925,
                "604": 9201,
                "603": 9454,
                "602": 9706,
                "601": 9997,
                "600": 10280,
                "599": 10558,
                "598": 10844,
                "597": 11127,
                "596": 11395,
                "595": 11686,
                "594": 11998,
                "593": 12306,
                "592": 12626,
                "591": 12932,
                "590": 13272,
                "589": 13605,
                "588": 13912,
                "587": 14269,
                "586": 14601,
                "585": 14939,
                "584": 15279,
                "583": 15626,
                "582": 15952,
                "581": 16307,
                "580": 16651,
                "579": 17013,
                "578": 17370,
                "577": 17739,
                "576": 18107,
                "575": 18503,
                "574": 18851,
                "573": 19247,
                "572": 19634,
                "571": 20023,
                "570": 20422,
                "569": 20801,
                "568": 21185,
                "567": 21600,
                "566": 21973,
                "565": 22378,
                "564": 22773,
                "563": 23195,
                "562": 23619,
                "561": 24070,
                "560": 24495,
                "559": 24916,
                "558": 25381,
                "557": 25810,
                "556": 26264,
                "555": 26700,
                "554": 27139,
                "553": 27606,
                "552": 28049,
                "551": 28532,
                "550": 28986,
                "549": 29494,
                "548": 29973,
                "547": 30461,
                "546": 30973,
                "545": 31510,
                "544": 31994,
                "543": 32530,
                "542": 33032,
                "541": 33528,
                "540": 34039,
                "539": 34540,
                "538": 35073,
                "537": 35584,
                "536": 36094,
                "535": 36638,
                "534": 37202,
                "533": 37720,
                "532": 38223,
                "531": 38721,
                "530": 39240,
                "529": 39816,
                "528": 40331,
                "527": 40846,
                "526": 41406,
                "525": 41943,
                "524": 42523,
                "523": 43058,
                "522": 43595,
                "521": 44141,
                "520": 44703,
                "519": 45204,
                "518": 45792,
                "517": 46345,
                "516": 46916,
                "515": 47472,
                "514": 48049,
                "513": 48570,
                "512": 49148,
                "511": 49724,
                "510": 50302,
                "509": 50894,
                "508": 51465,
                "507": 52025,
                "506": 52609,
                "505": 53201
            }
        }
    }
}