{
    "2019": {
        "北京": {
            "理科": {
                "700": 24,
                "699": 31,
                "698": 39,
                "697": 49,
                "696": 57,
                "695": 67,
                "694": 75,
                "693": 81,
                "692": 93,
                "691": 108,
                "690": 117,
                "689": 129,
                "688": 137,
                "687": 145,
                "686": 165,
                "685": 185,
                "684": 203,
                "683": 228,
                "682": 251,
                "681": 271,
                "680": 302,
                "679": 339,
                "678": 374,
                "677": 405,
                "676": 448,
                "675": 489,
                "674": 523,
                "673": 577,
                "672": 636,
                "671": 672,
                "670": 718,
                "669": 780,
                "668": 840,
                "667": 889,
                "666": 945,
                "665": 1004,
                "664": 1067,
                "663": 1130,
                "662": 1204,
                "661": 1285,
                "660": 1369,
                "659": 1439,
                "658": 1522,
                "657": 1597,
                "656": 1678,
                "655": 1762,
                "654": 1858,
                "653": 1943,
                "652": 2035,
                "651": 2131,
                "650": 2216,
                "649": 2310,
                "648": 2414,
                "647": 2512,
                "646": 2592,
                "645": 2672,
                "644": 2766,
                "643": 2863,
                "642": 2971,
                "641": 3082,
                "640": 3180,
                "639": 3284,
                "638": 3396,
                "637": 3505,
                "636": 3606,
                "635": 3707,
                "634": 3835,
                "633": 3948,
                "632": 4070,
                "631": 4171,
                "630": 4298,
                "629": 4412,
                "628": 4541,
                "627": 4655,
                "626": 4778,
                "625": 4895,
                "624": 5000,
                "623": 5110,
                "622": 5227,
                "621": 5339,
                "620": 5460,
                "619": 5576,
                "618": 5696,
                "617": 5830,
                "616": 5951,
                "615": 6072,
                "614": 6183,
                "613": 6305,
                "612": 6413,
                "611": 6536,
                "610": 6653,
                "609": 6771,
                "608": 6900,
                "607": 7026,
                "606": 7146,
                "605": 7266,
                "604": 7391,
                "603": 7506,
                "602": 7618,
                "601": 7737,
                "600": 7844,
                "599": 7978,
                "598": 8114,
                "597": 8233,
                "596": 8350,
                "595": 8483,
                "594": 8613,
                "593": 8741,
                "592": 8869,
                "591": 9013,
                "590": 9136,
                "589": 9278,
                "588": 9399,
                "587": 9556,
                "586": 9685,
                "585": 9813,
                "584": 9926,
                "583": 10046,
                "582": 10178,
                "581": 10304,
                "580": 10451,
                "579": 10585,
                "578": 10719,
                "577": 10853,
                "576": 10968,
                "575": 11103,
                "574": 11239,
                "573": 11350,
                "572": 11480,
                "571": 11609,
                "570": 11744,
                "569": 11861,
                "568": 11975,
                "567": 12103,
                "566": 12246,
                "565": 12389,
                "564": 12511,
                "563": 12630,
                "562": 12749,
                "561": 12857,
                "560": 12985,
                "559": 19108,
                "558": 19244,
                "557": 13380,
                "556": 19514,
                "555": 13630,
                "554": 19758,
                "553": 13890,
                "552": 14022,
                "551": 14151,
                "550": 14270,
                "549": 14400,
                "548": 14526,
                "547": 14648,
                "546": 14784,
                "545": 14898,
                "544": 15014,
                "543": 15129,
                "542": 15247,
                "541": 15365,
                "540": 15467,
                "539": 15585,
                "538": 15699,
                "537": 15826,
                "536": 15943,
                "535": 16088,
                "534": 16219,
                "533": 16346,
                "532": 16459,
                "531": 16608,
                "530": 16738,
                "529": 16860,
                "528": 16994,
                "527": 17124,
                "526": 17248,
                "525": 17360,
                "524": 17481,
                "523": 17617,
                "522": 47727,
                "521": 17843,
                "520": 17977,
                "519": 18104,
                "518": 18212,
                "517": 18881,
                "516": 18457,
                "515": 18560,
                "514": 18697,
                "513": 18821,
                "512": 18967,
                "511": 19087,
                "510": 19218,
                "509": 19918,
                "508": 19429,
                "507": 19842,
                "506": 19650,
                "505": 19763,
                "504": 19878,
                "503": 20011,
                "502": 20142,
                "501": 20261,
                "500": 20386,
                "499": 20509,
                "498": 20619,
                "497": 20730,
                "496": 20848,
                "495": 20956,
                "494": 21099,
                "493": 21230,
                "492": 21464,
                "491": 21351,
                "490": 21878,
                "489": 21689,
                "488": 21816,
                "487": 21949,
                "486": 22063,
                "485": 22186,
                "484": 22307,
                "483": 22421,
                "482": 22528,
                "481": 22643,
                "480": 22788
            }
        }
    }
}