{
    "2019": {
        "四川": {
            "理科": {
                "706": 61,
                "705": 75,
                "704": 90,
                "703": 108,
                "702": 131,
                "701": 156,
                "700": 182,
                "699": 209,
                "698": 239,
                "697": 275,
                "696": 318,
                "695": 358,
                "694": 404,
                "693": 452,
                "692": 519,
                "691": 581,
                "690": 642,
                "689": 704,
                "688": 795,
                "687": 865,
                "686": 958,
                "685": 1053,
                "684": 1164,
                "683": 1298,
                "682": 1406,
                "681": 1532,
                "680": 1655,
                "679": 1781,
                "678": 1931,
                "677": 2064,
                "676": 2211,
                "675": 2349,
                "674": 2529,
                "673": 2697,
                "672": 2892,
                "671": 3077,
                "670": 3286,
                "669": 3485,
                "668": 3687,
                "667": 3885,
                "666": 4092,
                "665": 4345,
                "664": 4571,
                "663": 4825,
                "662": 5075,
                "661": 5316,
                "660": 5561,
                "659": 5811,
                "658": 6080,
                "657": 6379,
                "656": 6671,
                "655": 6971,
                "654": 7299,
                "653": 7605,
                "652": 7946,
                "651": 8289,
                "650": 8613,
                "649": 8936,
                "648": 9304,
                "647": 9636,
                "646": 9991,
                "645": 10335,
                "644": 10697,
                "643": 11060,
                "642": 11436,
                "641": 11832,
                "640": 12220,
                "639": 12627,
                "638": 13042,
                "637": 13470,
                "636": 13894,
                "635": 14296,
                "634": 14709,
                "633": 15217,
                "632": 15684,
                "631": 16145,
                "630": 16587,
                "629": 17042,
                "628": 17553,
                "627": 18026,
                "626": 18510,
                "625": 19023,
                "624": 19571,
                "623": 20098,
                "622": 20635,
                "621": 21164,
                "620": 21694,
                "619": 22229,
                "618": 22767,
                "617": 23300,
                "616": 23896,
                "615": 24431,
                "614": 25050,
                "613": 25626,
                "612": 26189,
                "611": 26802,
                "610": 27403,
                "609": 28019,
                "608": 28602,
                "607": 29239,
                "606": 29842,
                "605": 30507,
                "604": 31123,
                "603": 31749,
                "602": 32429,
                "601": 33058,
                "600": 33701,
                "599": 34375,
                "598": 35015,
                "597": 35689,
                "596": 36376,
                "595": 37076,
                "594": 37735,
                "593": 38446,
                "592": 39175,
                "591": 39887,
                "590": 40632
            }
        }
    }
}