{
    "2017": {
        "河南": {
            "理科": {
                "695": 3,
                "694": 4,
                "693": 4,
                "692": 5,
                "691": 6,
                "690": 7,
                "689": 8,
                "688": 10,
                "687": 10,
                "686": 11,
                "685": 14,
                "684": 14,
                "683": 15,
                "682": 20,
                "681": 22,
                "680": 28,
                "679": 37,
                "678": 44,
                "677": 52,
                "676": 60,
                "675": 71,
                "674": 79,
                "673": 89,
                "672": 103,
                "671": 112,
                "670": 125,
                "669": 138,
                "668": 149,
                "667": 164,
                "666": 181,
                "665": 206,
                "664": 220,
                "663": 234,
                "662": 252,
                "661": 277,
                "660": 298,
                "659": 313,
                "658": 336,
                "657": 377,
                "656": 417,
                "655": 447,
                "654": 485,
                "653": 526,
                "652": 561,
                "651": 599,
                "650": 641,
                "649": 687,
                "648": 730,
                "647": 776,
                "646": 834,
                "645": 889,
                "644": 947,
                "643": 1004,
                "642": 1052,
                "641": 1118,
                "640": 1190,
                "639": 1263,
                "638": 1336,
                "637": 1417,
                "636": 1497,
                "635": 1581,
                "634": 1684,
                "633": 1754,
                "632": 1837,
                "631": 1932,
                "630": 2030,
                "629": 2139,
                "628": 2237,
                "627": 2358,
                "626": 2491,
                "625": 2627,
                "624": 2767,
                "623": 2886,
                "622": 3028,
                "621": 3150,
                "620": 3272,
                "619": 3420,
                "618": 3561,
                "617": 3720,
                "616": 3873,
                "615": 4032,
                "614": 4187,
                "613": 4346,
                "612": 4523,
                "611": 4722,
                "610": 4917,
                "609": 5119,
                "608": 5299,
                "607": 5489,
                "606": 5717,
                "605": 5925,
                "604": 6157,
                "603": 6409,
                "602": 6655,
                "601": 6906,
                "600": 7147,
                "599": 7408,
                "598": 7688,
                "597": 7970,
                "596": 8250,
                "595": 8526,
                "594": 8813,
                "593": 9098,
                "592": 9372,
                "591": 9687,
                "590": 9994,
                "589": 10306,
                "588": 10654,
                "587": 10979,
                "586": 11306,
                "585": 11681,
                "584": 12032,
                "583": 12392,
                "582": 12774,
                "581": 13161,
                "580": 13549,
                "579": 13936,
                "578": 14358,
                "577": 14743,
                "576": 15197,
                "575": 15587,
                "574": 16049,
                "573": 16479,
                "572": 16897,
                "571": 17352,
                "570": 17781,
                "569": 18265,
                "568": 18740,
                "567": 19244,
                "566": 19731,
                "565": 20210,
                "564": 20716,
                "563": 21190,
                "562": 21699,
                "561": 22210,
                "560": 22754,
                "559": 23318,
                "558": 23848,
                "557": 24410,
                "556": 25007,
                "555": 25533,
                "554": 26093,
                "553": 26681,
                "552": 27258,
                "551": 27863,
                "550": 28512,
                "549": 29156,
                "548": 29805,
                "547": 30474,
                "546": 31135,
                "545": 31818,
                "544": 32478,
                "543": 33135,
                "542": 33844,
                "541": 34502,
                "540": 35233,
                "539": 35870,
                "538": 36597,
                "537": 37276,
                "536": 38034,
                "535": 38770,
                "534": 39472,
                "533": 40222,
                "532": 41026,
                "531": 41790,
                "530": 42570,
                "529": 43306,
                "528": 44062,
                "527": 44856,
                "526": 45681,
                "525": 46474,
                "524": 47284,
                "523": 48116,
                "522": 48911,
                "521": 49710,
                "520": 50536,
                "519": 51363,
                "518": 52168,
                "517": 52986,
                "516": 53804,
                "515": 54663,
                "514": 55546,
                "513": 56437,
                "512": 57297,
                "511": 58183,
                "510": 59092,
                "509": 59993,
                "508": 60944,
                "507": 61855,
                "506": 62794,
                "505": 63722,
                "504": 64674,
                "503": 65637,
                "502": 66578,
                "501": 67539,
                "500": 68464,
                "499": 69405,
                "498": 70430,
                "497": 71482,
                "496": 72457,
                "495": 73470,
                "494": 74478,
                "493": 75509,
                "492": 76579,
                "491": 77638,
                "490": 78633,
                "489": 79696,
                "488": 80816,
                "487": 81919,
                "486": 83016,
                "485": 84084,
                "484": 85142
            }
        }
    }
}