{
    "2017": {
        "广西": {
            "理科": {
                "662": 48,
                "661": 49,
                "660": 53,
                "659": 56,
                "658": 59,
                "657": 62,
                "656": 66,
                "655": 67,
                "654": 70,
                "653": 74,
                "652": 82,
                "651": 87,
                "650": 91,
                "649": 99,
                "648": 104,
                "647": 115,
                "646": 119,
                "645": 130,
                "644": 138,
                "643": 151,
                "642": 160,
                "641": 170,
                "640": 183,
                "639": 187,
                "638": 199,
                "637": 205,
                "636": 227,
                "635": 247,
                "634": 264,
                "633": 275,
                "632": 291,
                "631": 312,
                "630": 331,
                "629": 350,
                "628": 374,
                "627": 394,
                "626": 419,
                "625": 439,
                "624": 457,
                "623": 479,
                "622": 508,
                "621": 535,
                "620": 558,
                "619": 589,
                "618": 620,
                "617": 650,
                "616": 680,
                "615": 716,
                "614": 741,
                "613": 771,
                "612": 808,
                "611": 841,
                "610": 873,
                "609": 916,
                "608": 967,
                "607": 1004,
                "606": 1031,
                "605": 1083,
                "604": 1123,
                "603": 1169,
                "602": 1220,
                "601": 1260,
                "600": 1313,
                "599": 1370,
                "598": 1433,
                "597": 1481,
                "596": 1539,
                "595": 1596,
                "594": 1657,
                "593": 1715,
                "592": 1779,
                "591": 1843,
                "590": 1906,
                "589": 1980,
                "588": 2043,
                "587": 2122,
                "586": 2203,
                "585": 2280,
                "584": 2382,
                "583": 2475,
                "582": 2575,
                "581": 2661,
                "580": 2744,
                "579": 2830,
                "578": 2916,
                "577": 3004,
                "576": 3083,
                "575": 3164,
                "574": 3248,
                "573": 3342,
                "572": 3461,
                "571": 3560,
                "570": 3673,
                "569": 3797,
                "568": 3919,
                "567": 4029,
                "566": 4157,
                "565": 4284,
                "564": 4396,
                "563": 4525,
                "562": 4654,
                "561": 4782,
                "560": 4905,
                "559": 5064,
                "558": 5232,
                "557": 5374,
                "556": 5492,
                "555": 5642,
                "554": 5789,
                "553": 5953,
                "552": 6125,
                "551": 6287,
                "550": 6464,
                "549": 6632,
                "548": 6809,
                "547": 6976,
                "546": 7162,
                "545": 7361,
                "544": 7538,
                "543": 7703,
                "542": 7909,
                "541": 8111,
                "540": 8305,
                "539": 8509,
                "538": 8722,
                "537": 8919,
                "536": 9130,
                "535": 9357,
                "534": 9586,
                "533": 9815,
                "532": 10042,
                "531": 10264,
                "530": 10502,
                "529": 10728,
                "528": 10948,
                "527": 11186,
                "526": 11432,
                "525": 11691,
                "524": 11951,
                "523": 12210,
                "522": 12491,
                "521": 12752,
                "520": 13008,
                "519": 13317,
                "518": 13613,
                "517": 13939,
                "516": 14238,
                "515": 14525,
                "514": 14839,
                "513": 15154,
                "512": 15477,
                "511": 15806,
                "510": 16092,
                "509": 16425,
                "508": 16763,
                "507": 17114,
                "506": 17414,
                "505": 17739,
                "504": 18078,
                "503": 18398,
                "502": 18736,
                "501": 19095,
                "500": 19459"
            }
        }
    }
}