{
    "2017": {
        "吉林": {
            "理科": {
                "689": 47,
                "688": 50,
                "687": 55,
                "686": 63,
                "685": 68,
                "684": 74,
                "683": 80,
                "682": 91,
                "681": 10,
                "680": 11,
                "679": 118,
                "678": 130,
                "677": 137,
                "676": 146,
                "675": 163,
                "674": 178,
                "673": 189,
                "672": 206,
                "671": 221,
                "670": 234,
                "669": 244,
                "668": 271,
                "667": 288,
                "666": 311,
                "665": 331,
                "664": 348,
                "663": 365,
                "662": 381,
                "661": 403,
                "660": 428,
                "659": 443,
                "658": 470,
                "657": 497,
                "656": 517,
                "655": 554,
                "654": 584,
                "653": 609,
                "652": 633,
                "651": 667,
                "650": 698,
                "649": 727,
                "648": 764,
                "647": 796,
                "646": 834,
                "645": 877,
                "644": 907,
                "643": 940,
                "642": 977,
                "641": 101,
                "640": 105,
                "639": 1092,
                "638": 1138,
                "637": 1182,
                "636": 1229,
                "635": 1279,
                "634": 1321,
                "633": 1367,
                "632": 1424,
                "631": 1474,
                "630": 1529,
                "629": 1586,
                "628": 1646,
                "627": 1700,
                "626": 1749,
                "625": 1797,
                "624": 1858,
                "623": 1924,
                "622": 1982,
                "621": 2036,
                "620": 2097,
                "619": 2167,
                "618": 2227,
                "617": 2284,
                "616": 2357,
                "615": 2413,
                "614": 2481,
                "613": 2546,
                "612": 2636,
                "611": 2716,
                "610": 2784,
                "609": 2854,
                "608": 2919,
                "607": 2984,
                "606": 3073,
                "605": 3152,
                "604": 3222,
                "603": 3316,
                "602": 3395,
                "601": 3475,
                "600": 3554,
                "599": 3649,
                "598": 3732,
                "597": 3808,
                "596": 3899,
                "595": 3991,
                "594": 4090,
                "593": 4181,
                "592": 4271,
                "591": 4361,
                "590": 4464,
                "589": 4571,
                "588": 4658,
                "587": 4739,
                "586": 4852,
                "585": 4949,
                "584": 5050,
                "583": 5148,
                "582": 5236,
                "581": 5335,
                "580": 5457,
                "579": 5567,
                "578": 5671,
                "577": 5798,
                "576": 5896,
                "575": 5996,
                "574": 6102,
                "573": 6204,
                "572": 6324,
                "571": 6444,
                "570": 6549,
                "569": 6672,
                "568": 6796,
                "567": 6898,
                "566": 7027,
                "565": 7141,
                "564": 7263,
                "563": 7385,
                "562": 7510,
                "561": 7636,
                "560": 7771,
                "559": 7890,
                "558": 8019,
                "557": 8144,
                "556": 8269,
                "555": 8406,
                "554": 8542,
                "553": 8679,
                "552": 8842,
                "551": 8998,
                "550": 9128,
                "549": 9294,
                "548": 9422,
                "547": 9566,
                "546": 9695,
                "545": 9828,
                "544": 9965,
                "543": 1010,
                "542": 1024,
                "541": 1038,
                "540": 1055,
                "539": 1068,
                "538": 1082,
                "537": 1097,
                "536": 11104,
                "535": 11267,
                "534": 11407,
                "533": 11565,
                "532": 11733,
                "531": 11893,
                "530": 12040,
                "529": 12184,
                "528": 12354,
                "527": 12519,
                "526": 12670,
                "525": 12830,
                "524": 13010,
                "523": 13168,
                "522": 13307,
                "521": 13482,
                "520": 13657,
                "519": 13843,
                "518": 14019,
                "517": 14179,
                "516": 14349,
                "515": 14548,
                "514": 14740,
                "513": 14914,
                "512": 15120,
                "511": 15291,
                "510": 15475,
                "509": 15639,
                "508": 15798,
                "507": 16012,
                "506": 16210,
                "505": 16401,
                "504": 16602,
                "503": 16778,
                "502": 16970,
                "501": 17140,
                "500": 17303,
                "499": 17505,
                "498": 17687,
                "497": 17870,
                "496": 18056,
                "495": 18259,
                "494": 18460,
                "493": 18641,
                "492": 18848,
                "491": 19020,
                "490": 19202,
                "489": 19398,
                "488": 19593,
                "487": 19794,
                "486": 20004,
                "485": 20189,
                "484": 20388,
                "483": 20573,
                "482": 20788,
                "481": 21010,
                "480": 21201,
                "479": 21443,
                "478": 21661,
                "477": 21860,
                "476": 22070,
                "475": 22267,
                "474": 22476,
                "473": 22699,
                "472": 22927,
                "471": 23125,
                "470": 23333,
                "469": 23542,
                "468": 23776,
                "467": 24017,
                "466": 24241,
                "465": 24460,
                "464": 24703,
                "463": 24909,
                "462": 25144,
                "461": 25377,
                "460": 25611,
                "459": 25870,
                "458": 26096,
                "457": 26308,
                "456": 26520,
                "455": 26755,
                "454": 26976,
                "453": 27201,
                "452": 27458,
                "451": 27703,
                "450": 27941,
                "449": 28186,
                "448": 28418,
                "447": 28652,
                "446": 28898,
                "445": 29128,
                "444": 29384,
                "443": 29615,
                "442": 29851,
                "441": 30107,
                "440": 30350,
                "439": 30600,
                "438": 30846,
                "437": 31099,
                "436": 31339,
                "435": 31607,
                "434": 31863,
                "433": 32105,
                "432": 32361,
                "431": 32601,
                "430": 32824,
                "429": 33080,
                "428": 33318,
                "427": 33585,
                "426": 33837,
                "425": 34071,
                "424": 34322,
                "423": 34566,
                "422": 34841,
                "421": 35077,
                "420": 35311,
                "419": 35521,
                "418": 35799,
                "417": 36045,
                "416": 36291,
                "415": 36555,
                "414": 36794,
                "413": 37071,
                "412": 37337,
                "411": 37606,
                "410": 37852,
                "409": 38101,
                "408": 38356,
                "407": 38590,
                "406": 38827,
                "405": 39085,
                "404": 39346,
                "403": 39600,
                "402": 39846,
                "401": 40085,
                "400": 40348,
                "399": 40621,
                "398": 40857,
                "397": 41111,
                "396": 41348,
                "395": 41590,
                "394": 41853,
                "393": 42108,
                "392": 42375,
                "391": 42617,
                "390": 42860,
                "389": 43114,
                "388": 43383,
                "387": 43624,
                "386": 43897,
                "385": 44132,
                "384": 44386,
                "383": 44640,
                "382": 44899,
                "381": 45161,
                "380": 45396,
                "379": 45631,
                "378": 45861,
                "377": 46065,
                "376": 46268,
                "375": 46526,
                "374": 46790,
                "373": 46996,
                "372": 47246,
                "371": 47482,
                "370": 47705,
                "369": 47946,
                "368": 48162,
                "367": 48395,
                "366": 48661,
                "365": 48878,
                "364": 49096,
                "363": 49327,
                "362": 49538,
                "361": 49760,
                "360": 49998,
                "359": 50210,
                "358": 50434,
                "357": 50682,
                "356": 50904,
                "355": 51136,
                "354": 51357,
                "353": 51596,
                "352": 51836,
                "351": 52068,
                "350": 52280,
                "349": 52473,
                "348": 52660,
                "347": 52873,
                "346": 53065,
                "345": 53284,
                "344": 53508,
                "343": 53701,
                "342": 53891,
                "341": 54070,
                "340": 54293,
                "339": 54476,
                "338": 54684,
                "337": 54880,
                "336": 55097,
                "335": 55286,
                "334": 55479,
                "333": 55679,
                "332": 55874,
                "331": 56022,
                "330": 56216,
                "329": 56403,
                "328": 56615,
                "327": 56781,
                "326": 56977,
                "325": 57169,
                "324": 57367,
                "323": 57556,
                "322": 57734,
                "321": 57916,
                "320": 58072,
                "319": 58244,
                "318": 58399,
                "317": 58580,
                "316": 58753,
                "315": 58916,
                "314": 59079,
                "313": 59247,
                "312": 59435,
                "311": 59598,
                "310": 59739,
                "309": 59915,
                "308": 60091,
                "307": 60248,
                "306": 60419,
                "305": 60566,
                "304": 60737,
                "303": 60911,
                "302": 61048,
                "301": 61207,
                "300": 61333,
                "299": 61472,
                "298": 61602,
                "297": 61737,
                "296": 61897,
                "295": 62017,
                "294": 62155,
                "293": 62309,
                "292": 62423,
                "291": 62582,
                "290": 62712,
                "289": 62837,
                "288": 62979,
                "287": 63112,
                "286": 63255,
                "285": 63379,
                "284": 63499,
                "283": 63618,
                "282": 63750,
                "281": 63852,
                "280": 63964,
                "279": 64081,
                "278": 64188,
                "277": 64303,
                "276": 64399,
                "275": 64510,
                "274": 64616,
                "273": 64713,
                "272": 64821,
                "271": 64924,
                "270": 65033,
                "269": 65142,
                "268": 65237,
                "267": 65347,
                "266": 65447,
                "265": 65562,
                "264": 65648,
                "263": 65754,
                "262": 65851,
                "261": 65949,
                "260": 66028,
                "259": 66120,
                "258": 66214,
                "257": 66298,
                "256": 66386,
                "255": 66469,
                "254": 66595,
                "253": 66682,
                "252": 66777,
                "251": 66862,
                "250": 66941,
                "249": 67029,
                "248": 67108,
                "247": 67184,
                "246": 67244,
                "245": 67319,
                "244": 67401,
                "243": 67477,
                "242": 67550,
                "241": 67624,
                "240": 67686,
                "239": 67756,
                "238": 67824,
                "237": 67878,
                "236": 67931,
                "235": 67987,
                "234": 68041,
                "233": 68093,
                "232": 68152,
                "231": 68223,
                "230": 68281,
                "229": 68328,
                "228": 68380,
                "227": 68422,
                "226": 68474,
                "225": 68526,
                "224": 68580,
                "223": 68646,
                "222": 68701
            }
        }
    }
}
