{
    "2017": {
        "内蒙古": {
            "理科": {
                "669": 105,
                "668": 120,
                "667": 132,
                "666": 141,
                "665": 154,
                "664": 164,
                "663": 174,
                "662": 185,
                "661": 203,
                "660": 221,
                "659": 236,
                "658": 247,
                "657": 259,
                "656": 273,
                "655": 291,
                "654": 306,
                "653": 326,
                "652": 340,
                "651": 356,
                "650": 378,
                "649": 394,
                "648": 412,
                "647": 430,
                "646": 454,
                "645": 483,
                "644": 500,
                "643": 532,
                "642": 559,
                "641": 587,
                "640": 621,
                "639": 656,
                "638": 690,
                "637": 712,
                "636": 743,
                "635": 773,
                "634": 803,
                "633": 825,
                "632": 854,
                "631": 881,
                "630": 922,
                "629": 959,
                "628": 995,
                "627": 1040,
                "626": 1079,
                "625": 1123,
                "624": 1170,
                "623": 1214,
                "622": 1270,
                "621": 1297,
                "620": 1337,
                "619": 1380,
                "618": 1436,
                "617": 1492,
                "616": 1546,
                "615": 1598,
                "614": 1640,
                "613": 1694,
                "612": 1747,
                "611": 1795,
                "610": 1847,
                "609": 1897,
                "608": 1953,
                "607": 2009,
                "606": 2064,
                "605": 2126,
                "604": 2185,
                "603": 2259,
                "602": 2312,
                "601": 2387,
                "600": 2453,
                "599": 2514,
                "598": 2582,
                "597": 2652,
                "596": 2716,
                "595": 2777,
                "594": 2851,
                "593": 2938,
                "592": 3005,
                "591": 3089,
                "590": 3175,
                "589": 3243,
                "588": 3307,
                "587": 3381,
                "586": 3467,
                "585": 3537,
                "584": 3620,
                "583": 3700,
                "582": 3780,
                "581": 3863,
                "580": 3952,
                "579": 4036,
                "578": 4114,
                "577": 4210,
                "576": 4319,
                "575": 4422,
                "574": 4510,
                "573": 4611,
                "572": 4708,
                "571": 4803,
                "570": 4878,
                "569": 4984,
                "568": 5093,
                "567": 5184,
                "566": 5281,
                "565": 5374,
                "564": 5504,
                "563": 5606,
                "562": 5715,
                "561": 5830,
                "560": 5946,
                "559": 6056,
                "558": 6176,
                "557": 6284,
                "556": 6390,
                "555": 6500,
                "554": 6633,
                "553": 6766,
                "552": 6890,
                "551": 7026,
                "550": 7145,
                "549": 7295,
                "548": 7448,
                "547": 7590,
                "546": 7715,
                "545": 7827,
                "544": 7955,
                "543": 8103,
                "542": 8249,
                "541": 8386,
                "540": 8530,
                "539": 8665,
                "538": 8790,
                "537": 8931,
                "536": 9071,
                "535": 9194,
                "534": 9361,
                "533": 9514,
                "532": 9670,
                "531": 9828,
                "530": 9994,
                "529": 10121,
                "528": 10279,
                "527": 10446,
                "526": 10580,
                "525": 10726,
                "524": 10892,
                "523": 11053,
                "522": 11206,
                "521": 11348,
                "520": 11521,
                "519": 11685,
                "518": 11853,
                "517": 12038,
                "516": 12180,
                "515": 12349,
                "514": 12538,
                "513": 12693,
                "512": 12880,
                "511": 13036,
                "510": 13218,
                "509": 13400,
                "508": 13575,
                "507": 13757,
                "506": 13930,
                "505": 14136,
                "504": 14315,
                "503": 14496,
                "502": 14666,
                "501": 14849,
                "500": 15035,
                "499": 15212,
                "498": 15394,
                "497": 15592,
                "496": 15783,
                "495": 15950,
                "494": 16118,
                "493": 16339,
                "492": 16550,
                "491": 16762,
                "490": 16969,
                "489": 17175,
                "488": 17371,
                "487": 17559,
                "486": 17760,
                "485": 17993,
                "484": 18189,
                "483": 18402,
                "482": 18604,
                "481": 18808,
                "480": 19005,
                "479": 19221,
                "478": 19442,
                "477": 19668,
                "476": 19870,
                "475": 20098,
                "474": 20319,
                "473": 20510,
                "472": 20726,
                "471": 20954,
                "470": 21168,
                "469": 21382,
                "468": 21586,
                "467": 21786,
                "466": 21990,
                "465": 22197,
                "464": 22401,
                "463": 22593,
                "462": 22804,
                "461": 23000,
                "460": 23222,
                "459": 23459,
                "458": 23648,
                "457": 23891,
                "456": 24117,
                "455": 24354,
                "454": 24565,
                "453": 24810,
                "452": 25029,
                "451": 25250,
                "450": 25472,
                "449": 25712,
                "448": 25947,
                "447": 26199,
                "446": 26403,
                "445": 26614,
                "444": 26830,
                "443": 27081,
                "442": 27286,
                "441": 27531,
                "440": 27772,
                "439": 28004,
                "438": 28225,
                "437": 28469,
                "436": 28734,
                "435": 28983,
                "434": 29196,
                "433": 29430,
                "432": 29653,
                "431": 29910,
                "430": 30145,
                "429": 30407,
                "428": 30661,
                "427": 30891,
                "426": 31166,
                "425": 31405,
                "424": 31642,
                "423": 31849,
                "422": 32078,
                "421": 32321,
                "420": 32582,
                "419": 32815,
                "418": 33101,
                "417": 33355,
                "416": 33586,
                "415": 33840,
                "414": 34094,
                "413": 34350,
                "412": 34597,
                "411": 34817,
                "410": 35072,
                "409": 35342,
                "408": 35626,
                "407": 35921,
                "406": 36175,
                "405": 36416,
                "404": 36694,
                "403": 36952,
                "402": 37222,
                "401": 37491,
                "400": 37769,
                "399": 38037,
                "398": 38331,
                "397": 38620,
                "396": 38857,
                "395": 39125,
                "394": 39405,
                "393": 39678,
                "392": 39937,
                "391": 40186,
                "390": 40443,
                "389": 40671,
                "388": 40947,
                "387": 41225,
                "386": 41503,
                "385": 41776,
                "384": 42050,
                "383": 42316,
                "382": 42613,
                "381": 42910,
                "380": 43178,
                "379": 43449,
                "378": 43724,
                "377": 43998,
                "376": 44254,
                "375": 44539,
                "374": 44847,
                "373": 45126,
                "372": 45380,
                "371": 45659,
                "370": 45966,
                "369": 46251,
                "368": 46509,
                "367": 46771,
                "366": 47051,
                "365": 47314,
                "364": 47580,
                "363": 47840,
                "362": 48116,
                "361": 48370,
                "360": 48682,
                "359": 48974,
                "358": 49255,
                "357": 49532,
                "356": 49804,
                "355": 50075,
                "354": 50395,
                "353": 50667,
                "352": 50914,
                "351": 51184,
                "350": 51493,
                "349": 51773,
                "348": 52058,
                "347": 52356,
                "346": 52643,
                "345": 52893,
                "344": 53184,
                "343": 53460,
                "342": 53711,
                "341": 53988,
                "340": 54265,
                "339": 54564,
                "338": 54822,
                "337": 55088,
                "336": 55357,
                "335": 55628,
                "334": 55915,
                "333": 56177,
                "332": 56472,
                "331": 56753,
                "330": 57024,
                "329": 57323,
                "328": 57602,
                "327": 57856,
                "326": 58121,
                "325": 58357,
                "324": 58603,
                "323": 58866,
                "322": 59137,
                "321": 59399,
                "320": 59645,
                "319": 59904,
                "318": 60167,
                "317": 60444,
                "316": 60693,
                "315": 60983,
                "314": 61254,
                "313": 61497,
                "312": 61748,
                "311": 62001,
                "310": 62274,
                "309": 62524,
                "308": 62791,
                "307": 63028,
                "306": 63286,
                "305": 63552,
                "304": 63811,
                "303": 64052,
                "302": 64317,
                "301": 64577,
                "300": 64857,
                "299": 65107,
                "298": 65328,
                "297": 65570,
                "296": 65803,
                "295": 66046,
                "294": 66291,
                "293": 66542,
                "292": 66813,
                "291": 67050,
                "290": 67307,
                "289": 67547,
                "288": 67785,
                "287": 68003,
                "286": 68230,
                "285": 68502,
                "284": 68740,
                "283": 68982,
                "282": 69198,
                "281": 69409,
                "280": 69611,
                "279": 69837,
                "278": 70040,
                "277": 70244,
                "276": 70465,
                "275": 70679,
                "274": 70891,
                "273": 71143,
                "272": 71328,
                "271": 71525,
                "270": 71715,
                "269": 71911,
                "268": 72120,
                "267": 72336,
                "266": 72555,
                "265": 72747,
                "264": 72956,
                "263": 73140,
                "262": 73334,
                "261": 73514,
                "260": 73697,
                "259": 73884,
                "258": 74095,
                "257": 74297,
                "256": 74470,
                "255": 74664,
                "254": 74828,
                "253": 75009,
                "252": 75175,
                "251": 75356,
                "250": 75513,
                "249": 75684,
                "248": 75861,
                "247": 76040,
                "246": 76216,
                "245": 76385,
                "244": 76529,
                "243": 76692,
                "242": 76846,
                "241": 76998,
                "240": 77138,
                "239": 77298,
                "238": 77478,
                "237": 77621,
                "236": 77785,
                "235": 77945,
                "234": 78099,
                "233": 78244,
                "232": 78386,
                "231": 78521,
                "230": 78641,
                "229": 78785,
                "228": 78923,
                "227": 79067,
                "226": 79207,
                "225": 79351,
                "224": 79490,
                "223": 79633,
                "222": 79771,
                "221": 79888,
                "220": 80015,
                "219": 80156,
                "218": 80274,
                "217": 80370,
                "216": 80509,
                "215": 80608,
                "214": 80724,
                "213": 80832,
                "212": 80945,
                "211": 81047,
                "210": 81160,
                "209": 81267,
                "208": 81371,
                "207": 81466,
                "206": 81548,
                "205": 81635,
                "204": 81734,
                "203": 81821,
                "202": 81901,
                "201": 81987
            }
        }
    }
}