{
    "2017": {
        "辽宁": {
            "理科": {
                "695": 9,
                "694": 11,
                "693": 12,
                "692": 12,
                "691": 16,
                "690": 19,
                "689": 20,
                "688": 21,
                "687": 26,
                "686": 31,
                "685": 33,
                "684": 43,
                "683": 53,
                "682": 60,
                "681": 71,
                "680": 80,
                "679": 90,
                "678": 96,
                "677": 105,
                "676": 116,
                "675": 126,
                "674": 136,
                "673": 158,
                "672": 178,
                "671": 192,
                "670": 211,
                "669": 226,
                "668": 251,
                "667": 275,
                "666": 299,
                "665": 317,
                "664": 357,
                "663": 381,
                "662": 411,
                "661": 411,
                "660": 472,
                "659": 515,
                "658": 553,
                "657": 599,
                "656": 640,
                "655": 688,
                "654": 724,
                "653": 779,
                "652": 806,
                "651": 848,
                "650": 893,
                "649": 934,
                "648": 995,
                "647": 1031,
                "646": 1093,
                "645": 1140,
                "644": 1206,
                "643": 1269,
                "642": 1339,
                "641": 1415,
                "640": 1473,
                "639": 1541,
                "638": 1626,
                "637": 1710,
                "636": 1767,
                "635": 1850,
                "634": 1941,
                "633": 2014,
                "632": 2098,
                "631": 2184,
                "630": 2287,
                "629": 2366,
                "628": 2469,
                "627": 2566,
                "626": 2680,
                "625": 2798,
                "624": 2909,
                "623": 3020,
                "622": 3143,
                "621": 3238,
                "620": 3365,
                "619": 3483,
                "618": 3617,
                "617": 3741,
                "616": 3838,
                "615": 3973,
                "614": 4099,
                "613": 4233,
                "612": 4377,
                "611": 4513,
                "610": 4648,
                "609": 4793,
                "608": 4934,
                "607": 5098,
                "606": 5236,
                "605": 5383,
                "604": 5535,
                "603": 5690,
                "602": 5829,
                "601": 5968,
                "600": 6119,
                "599": 6273,
                "598": 6444,
                "597": 6604,
                "596": 6778,
                "595": 6962,
                "594": 7108,
                "593": 7274,
                "592": 7461,
                "591": 7650,
                "590": 7839,
                "589": 8039,
                "588": 8224,
                "587": 8408,
                "586": 8583,
                "585": 8764,
                "584": 8928,
                "583": 9127,
                "582": 9337,
                "581": 9523,
                "580": 9718,
                "579": 9918,
                "578": 10131,
                "577": 10328,
                "576": 10530,
                "575": 10741,
                "574": 10950,
                "573": 11159,
                "572": 11377,
                "571": 11636,
                "570": 11881,
                "569": 12143,
                "568": 12357,
                "567": 12589,
                "566": 12799,
                "565": 13033,
                "564": 13267,
                "563": 13495,
                "562": 13731,
                "561": 13965,
                "560": 14201,
                "559": 14425,
                "558": 14662,
                "557": 14918,
                "556": 15139,
                "555": 15422,
                "554": 15694,
                "553": 15966,
                "552": 16219,
                "551": 16505,
                "550": 16785,
                "549": 17046,
                "548": 17293,
                "547": 17563,
                "546": 17835,
                "545": 18100,
                "544": 18372,
                "543": 18655,
                "542": 18947,
                "541": 19238,
                "540": 19541,
                "539": 19822,
                "538": 20110,
                "537": 20387,
                "536": 20662,
                "535": 20946,
                "534": 21256,
                "533": 21562,
                "532": 21845,
                "531": 22165,
                "530": 22465,
                "529": 22753,
                "528": 23027,
                "527": 23301,
                "526": 23593,
                "525": 23912,
                "524": 24219,
                "523": 24551,
                "522": 24892,
                "521": 25183,
                "520": 25512,
                "519": 25812,
                "518": 26119,
                "517": 26471,
                "516": 26825,
                "515": 27152,
                "514": 27490,
                "513": 27828,
                "512": 28151,
                "511": 28477,
                "510": 28807,
                "509": 29124,
                "508": 29478,
                "507": 29828,
                "506": 30177,
                "505": 30547,
                "504": 30875,
                "503": 31194,
                "502": 31533,
                "501": 31899,
                "500": 32214,
                "499": 32570,
                "498": 32909,
                "497": 33279,
                "496": 33595,
                "495": 33958,
                "494": 34307,
                "493": 34637,
                "492": 34967,
                "491": 35329,
                "490": 35723,
                "489": 36085,
                "488": 36476,
                "487": 36872,
                "486": 37230,
                "485": 37606,
                "484": 37998,
                "483": 38346,
                "482": 38736,
                "481": 39118,
                "480": 39498
            }
        }
    }
}