{
    "2017": {
        "天津": {
            "理科": {
                "692": 15,
                "691": 16,
                "690": 18,
                "689": 22,
                "688": 28,
                "687": 35,
                "686": 38,
                "685": 46,
                "684": 56,
                "683": 66,
                "682": 71,
                "681": 81,
                "680": 93,
                "679": 101,
                "678": 116,
                "677": 131,
                "676": 145,
                "675": 154,
                "674": 166,
                "673": 186,
                "672": 203,
                "671": 220,
                "670": 239,
                "669": 260,
                "668": 278,
                "667": 298,
                "666": 315,
                "665": 338,
                "664": 361,
                "663": 391,
                "662": 426,
                "661": 444,
                "660": 469,
                "659": 499,
                "658": 531,
                "657": 557,
                "656": 592,
                "655": 626,
                "654": 674,
                "653": 711,
                "652": 738,
                "651": 773,
                "650": 818,
                "649": 872,
                "648": 909,
                "647": 951,
                "646": 993,
                "645": 1034,
                "644": 1074,
                "643": 1119,
                "642": 1173,
                "641": 1221,
                "640": 1272,
                "639": 1317,
                "638": 1372,
                "637": 1430,
                "636": 1490,
                "635": 1537,
                "634": 1589,
                "633": 1650,
                "632": 1686,
                "631": 1745,
                "630": 1793,
                "629": 1859,
                "628": 1924,
                "627": 1984,
                "626": 2039,
                "625": 2107,
                "624": 2178,
                "623": 2257,
                "622": 2323,
                "621": 2399,
                "620": 2469,
                "619": 2533,
                "618": 2603,
                "617": 2683,
                "616": 2750,
                "615": 2819,
                "614": 2886,
                "613": 2960,
                "612": 3031,
                "611": 3102,
                "610": 3169,
                "609": 3244,
                "608": 3325,
                "607": 3403,
                "606": 3476,
                "605": 3574,
                "604": 3666,
                "603": 3740,
                "602": 3836,
                "601": 3914,
                "600": 4010,
                "599": 4092,
                "598": 4175,
                "597": 4271,
                "596": 4380,
                "595": 4468,
                "594": 4538,
                "593": 4639,
                "592": 4723,
                "591": 4817,
                "590": 4928,
                "589": 5020,
                "588": 5098,
                "587": 5186,
                "586": 5293,
                "585": 5396,
                "584": 5494,
                "583": 5601,
                "582": 5696,
                "581": 5796,
                "580": 5892,
                "579": 6003,
                "578": 6112,
                "577": 6220,
                "576": 6306,
                "575": 6420,
                "574": 6518,
                "573": 6625,
                "572": 6732,
                "571": 6840,
                "570": 6951,
                "569": 7058,
                "568": 7173,
                "567": 7281,
                "566": 7381,
                "565": 7505,
                "564": 7621,
                "563": 7746,
                "562": 7821,
                "561": 7939,
                "560": 8074,
                "559": 8211,
                "558": 8317,
                "557": 8429,
                "556": 8553,
                "555": 8668,
                "554": 8792,
                "553": 8909,
                "552": 9015,
                "551": 9129,
                "550": 9266,
                "549": 9390,
                "548": 9528,
                "547": 9649,
                "546": 9780,
                "545": 9938,
                "544": 10037,
                "543": 10148,
                "542": 10260,
                "541": 10377,
                "540": 10495,
                "539": 10611,
                "538": 10739,
                "537": 10837,
                "536": 10965,
                "535": 11083,
                "534": 11223,
                "533": 11337,
                "532": 11493,
                "531": 11630,
                "530": 11773,
                "529": 11910,
                "528": 12031,
                "527": 12168,
                "526": 12309,
                "525": 12443,
                "524": 12557,
                "523": 12683,
                "522": 12847,
                "521": 12986,
                "520": 13110,
                "519": 13246,
                "518": 13375,
                "517": 13534,
                "516": 13678,
                "515": 13822,
                "514": 13945,
                "513": 14088,
                "512": 14219,
                "511": 14365,
                "510": 14482,
                "509": 14608,
                "508": 14761,
                "507": 14911,
                "506": 15053,
                "505": 15187,
                "504": 15327,
                "503": 15471,
                "502": 15616,
                "501": 15777,
                "500": 15927,
                "499": 16078,
                "498": 16230,
                "497": 16382,
                "496": 16527,
                "495": 16662,
                "494": 16815,
                "493": 16968,
                "492": 17091,
                "491": 17232,
                "490": 17395,
                "489": 17555,
                "488": 17718,
                "487": 17880,
                "486": 18010,
                "485": 18159,
                "484": 18308,
                "483": 18463,
                "482": 18609,
                "481": 18772,
                "480": 18920,
                "479": 19073,
                "478": 19216,
                "477": 19375,
                "476": 19540,
                "475": 19687,
                "474": 19824,
                "473": 19969,
                "472": 20128,
                "471": 20305,
                "470": 20458,
                "469": 20624,
                "468": 20771,
                "467": 20925,
                "466": 21066,
                "465": 21209,
                "464": 21343,
                "463": 21468,
                "462": 21605,
                "461": 21784,
                "460": 21911,
                "459": 22058,
                "458": 22204,
                "457": 22365,
                "456": 22516,
                "455": 22656,
                "454": 22805,
                "453": 22926,
                "452": 23080,
                "451": 23228,
                "450": 23364,
                "449": 23496,
                "448": 23633,
                "447": 23791,
                "446": 23929,
                "445": 24062,
                "444": 24215,
                "443": 24348,
                "442": 24491,
                "441": 24621,
                "440": 24745,
                "439": 24892,
                "438": 25034,
                "437": 25164,
                "436": 25307,
                "435": 25459,
                "434": 25584,
                "433": 25728,
                "432": 25860,
                "431": 26001,
                "430": 26143,
                "429": 26274,
                "428": 26409,
                "427": 26535,
                "426": 26668,
                "425": 26815,
                "424": 26958,
                "423": 27086,
                "422": 27227,
                "421": 27371,
                "420": 27490,
                "419": 27624,
                "418": 27734,
                "417": 27874,
                "416": 28006,
                "415": 28144,
                "414": 28283,
                "413": 28425,
                "412": 28561,
                "411": 28681,
                "410": 28798,
                "409": 28926,
                "408": 29049,
                "407": 29181,
                "406": 29307,
                "405": 29433,
                "404": 29552,
                "403": 29685,
                "402": 29797,
                "401": 29908,
                "400": 30013,
                "399": 30112,
                "398": 30220,
                "397": 30311,
                "396": 30428,
                "395": 30541,
                "394": 30672,
                "393": 30805,
                "392": 30912,
                "391": 31034,
                "390": 31151,
                "389": 31248,
                "388": 31374,
                "387": 31485,
                "386": 31572,
                "385": 31665,
                "384": 31778,
                "383": 31855,
                "382": 31957,
                "381": 32066,
                "380": 32171,
                "379": 32281,
                "378": 32386,
                "377": 32488,
                "376": 32570,
                "375": 32659,
                "374": 32750,
                "373": 32817,
                "372": 32908,
                "371": 32993,
                "370": 33088,
                "369": 33189,
                "368": 33270,
                "367": 33350,
                "366": 33431,
                "365": 33520
            }
        }
    }
}