{
    "2017": {
        "辽宁": {
            "文科": {
                "645": 10,
                "644": 10,
                "643": 12,
                "642": 15,
                "641": 15,
                "640": 17,
                "639": 21,
                "638": 28,
                "637": 31,
                "636": 32,
                "635": 33,
                "634": 35,
                "633": 40,
                "632": 45,
                "631": 48,
                "630": 50,
                "629": 55,
                "628": 59,
                "627": 68,
                "626": 78,
                "625": 90,
                "624": 101,
                "623": 108,
                "622": 118,
                "621": 133,
                "620": 143,
                "619": 152,
                "618": 169,
                "617": 183,
                "616": 202,
                "615": 225,
                "614": 252,
                "613": 273,
                "612": 288,
                "611": 312,
                "610": 331,
                "609": 352,
                "608": 378,
                "607": 408,
                "606": 437,
                "605": 472,
                "604": 498,
                "603": 527,
                "602": 563,
                "601": 595,
                "600": 630,
                "599": 671,
                "598": 709,
                "597": 754,
                "596": 783,
                "595": 820,
                "594": 860,
                "593": 920,
                "592": 960,
                "591": 1004,
                "590": 1054,
                "589": 1099,
                "588": 1142,
                "587": 1196,
                "586": 1252,
                "585": 1308,
                "584": 1360,
                "583": 1420,
                "582": 1497,
                "581": 1543,
                "580": 1601,
                "579": 1676,
                "578": 1747,
                "577": 1809,
                "576": 1876,
                "575": 1963,
                "574": 2047,
                "573": 2103,
                "572": 2178,
                "571": 2243,
                "570": 2311,
                "569": 2398,
                "568": 2469,
                "567": 2558,
                "566": 2642,
                "565": 2713,
                "564": 2798,
                "563": 2886,
                "562": 2980,
                "561": 3068,
                "560": 3162,
                "559": 3253,
                "558": 3345,
                "557": 3450,
                "556": 3553,
                "555": 3653,
                "554": 3766,
                "553": 3848,
                "552": 3957,
                "551": 4060,
                "550": 4152,
                "549": 4269,
                "548": 4376,
                "547": 4496,
                "546": 4619,
                "545": 4726,
                "544": 4829,
                "543": 4943,
                "542": 5069,
                "541": 5184,
                "540": 5297,
                "539": 5439,
                "538": 5577,
                "537": 5715,
                "536": 5846,
                "535": 5979,
                "534": 6125,
                "533": 6269,
                "532": 6383
            }
        }
    }
}