{
    "2018": {
        "黑龙江": {
            "文科": {        
                "630": 18,
                "629": 19,
                "628": 21,
                "627": 24,
                "626": 26,
                "625": 29,
                "624": 30,
                "623": 33,
                "622": 37,
                "621": 40,
                "620": 42,
                "619": 46,
                "618": 47,
                "617": 53,
                "616": 59,
                "615": 65,
                "614": 81,
                "613": 89,
                "612": 94,
                "611": 102,
                "610": 106,
                "609": 115,
                "608": 126,
                "607": 133,
                "606": 142,
                "605": 153,
                "604": 165,
                "603": 177,
                "602": 187,
                "601": 199,
                "600": 215,
                "599": 222,
                "598": 237,
                "597": 256,
                "596": 279,
                "595": 294,
                "594": 309,
                "593": 326,
                "592": 340,
                "591": 355,
                "590": 379,
                "589": 396,
                "588": 410,
                "587": 433,
                "586": 453,
                "585": 476,
                "584": 499,
                "583": 521,
                "582": 543,
                "581": 557,
                "580": 589,
                "579": 615,
                "578": 644,
                "577": 675,
                "576": 705,
                "575": 742,
                "574": 765,
                "573": 795,
                "572": 831,
                "571": 868,
                "570": 904,
                "569": 941,
                "568": 982,
                "567": 1017,
                "566": 1056,
                "565": 1098,
                "564": 1143,
                "563": 1196,
                "562": 1242,
                "561": 1283,
                "560": 1326,
                "559": 1376,
                "558": 1425,
                "557": 1467,
                "556": 1534,
                "555": 1587,
                "554": 1637,
                "553": 1685,
                "552": 1736,
                "551": 1778,
                "550": 1840,
                "549": 1889,
                "548": 1951,
                "547": 2015,
                "546": 2088,
                "545": 2154,
                "544": 2229,
                "543": 2313,
                "542": 2361,
                "541": 2423,
                "540": 2497,
                "539": 2562,
                "538": 2628,
                "537": 2701,
                "536": 2758,
                "535": 2827,
                "534": 2899,
                "533": 2964,
                "532": 3052,
                "531": 3128,
                "530": 3213,
                "529": 3272,
                "528": 3344,
                "527": 3416,
                "526": 3492,
                "525": 3582,
                "524": 3666,
                "523": 3748,
                "522": 3818,
                "521": 3904,
                "520": 3997,
                "519": 4095,
                "518": 4181,
                "517": 4285,
                "516": 4370,
                "515": 4459,
                "514": 4556,
                "513": 4646,
                "512": 4747,
                "511": 4843,
                "510": 4958,
                "509": 5066,
                "508": 5186,
                "507": 5295,
                "506": 5385,
                "505": 5490,
                "504": 5591,
                "503": 5708,
                "502": 5813,
                "501": 5889,
                "500": 6011,
                "499": 6129,
                "498": 6240,
                "497": 6337,
                "496": 6450,
                "495": 6557,
                "494": 6676,
                "493": 6796,
                "492": 6914,
                "491": 7018,
                "490": 7132,
                "489": 7237,
                "488": 7345,
                "487": 7461,
                "486": 7591,
                "485": 7681,
                "484": 7807,
                "483": 7920,
                "482": 8027,
                "481": 8136,
                "480": 8246,
                "479": 8400,
                "478": 8514,
                "477": 8636,
                "476": 8754,
                "475": 8874,
                "474": 8988,
                "473": 9114,
                "472": 9266,
                "471": 9403,
                "470": 9524,
                "469": 9650,
                "468": 9778,
                "467": 9911,
                "466": 10049,
                "465": 10181,
                "464": 10304,
                "463": 10424,
                "462": 10551,
                "461": 10689,
                "460": 10828,
                "459": 10962,
                "458": 11108,
                "457": 11214,
                "456": 11379,
                "455": 11509,
                "454": 11654,
                "453": 11795,
                "452": 11944,
                "451": 12083,
                "450": 12222,
                "449": 12364,
                "448": 12517,
                "447": 12663,
                "446": 12798,
                "445": 12948,
                "444": 13099,
                "443": 13256,
                "442": 13415,
                "441": 13555,
                "440": 13717,
                "439": 13867,
                "438": 14031,
                "437": 14172,
                "436": 14298,
                "435": 14459,
                "434": 14618,
                "433": 14771,
                "432": 14918,
                "431": 15083,
                "430": 15245,
                "429": 15395,
                "428": 15554,
                "427": 15694,
                "426": 15845,
                "425": 16018,
                "424": 16181,
                "423": 16357,
                "422": 16520,
                "421": 16689,
                "420": 16862,
                "419": 17030,
                "418": 17178,
                "417": 17365,
                "416": 17521,
                "415": 17677,
                "414": 17828,
                "413": 17985,
                "412": 18143,
                "411": 18301,
                "410": 18483,
                "409": 18647,
                "408": 18804,
                "407": 18966,
                "406": 19141,
                "405": 19308,
                "404": 19452,
                "403": 19593,
                "402": 19761,
                "401": 19923,
                "400": 20082,
                "399": 20232,
                "398": 20393,
                "397": 20562,
                "396": 20722,
                "395": 20891,
                "394": 21059,
                "393": 21231,
                "392": 21406,
                "391": 21574,
                "390": 21743,
                "389": 21919,
                "388": 22094,
                "387": 22239,
                "386": 22385,
                "385": 22535,
                "384": 22710,
                "383": 22892,
                "382": 23072,
                "381": 23253,
                "380": 23435,
                "379": 23593,
                "378": 23766,
                "377": 23946,
                "376": 24152,
                "375": 24305,
                "374": 24469,
                "373": 24653,
                "372": 24839,
                "371": 25029,
                "370": 25199,
                "369": 25380,
                "368": 25570,
                "367": 25753,
                "366": 25916,
                "365": 26104,
                "364": 26277,
                "363": 26464,
                "362": 26641,
                "361": 26840,
                "360": 27019,
                "359": 27201,
                "358": 27418,
                "357": 27608,
                "356": 27794,
                "355": 27949,
                "354": 28109,
                "353": 28321,
                "352": 28530,
                "351": 28724,
                "350": 28943,
                "349": 29135,
                "348": 29340,
                "347": 29527,
                "346": 29725,
                "345": 29913,
                "344": 30093,
                "343": 30285,
                "342": 30476,
                "341": 30667,
                "340": 30891,
                "339": 31080,
                "338": 31295,
                "337": 31505,
                "336": 31691,
                "335": 31910,
                "334": 32101,
                "333": 32314,
                "332": 32527,
                "331": 32734,
                "330": 32918,
                "329": 33126,
                "328": 33324,
                "327": 33552,
                "326": 33756,
                "325": 33962,
                "324": 34176,
                "323": 34365,
                "322": 34568,
                "321": 34806,
                "320": 35035,
                "319": 35281,
                "318": 35513,
                "317": 35727,
                "316": 35987,
                "315": 36228,
                "314": 36447,
                "313": 36671,
                "312": 36867,
                "311": 37088,
                "310": 37307,
                "309": 37539,
                "308": 37757,
                "307": 38008,
                "306": 38226,
                "305": 38447,
                "304": 38705,
                "303": 38925,
                "302": 39135,
                "301": 39353,
                "300": 39565,
                "299": 39780,
                "298": 39979,
                "297": 40210,
                "296": 40448,
                "295": 40699,
                "294": 40913,
                "293": 41111,
                "292": 41354,
                "291": 41569,
                "290": 41802,
                "289": 42010,
                "288": 42225,
                "287": 42431,
                "286": 42648,
                "285": 42881,
                "284": 43089,
                "283": 43305,
                "282": 43545,
                "281": 43743,
                "280": 43944,
                "279": 44148,
                "278": 44346,
                "277": 44570,
                "276": 44794,
                "275": 45010,
                "274": 45232,
                "273": 45458,
                "272": 45638,
                "271": 45842,
                "270": 46064,
                "269": 46278,
                "268": 46480,
                "267": 46708,
                "266": 46916,
                "265": 47116,
                "264": 47328,
                "263": 47525,
                "262": 47730,
                "261": 47955,
                "260": 48171,
                "259": 48374,
                "258": 48555,
                "257": 48733,
                "256": 48928,
                "255": 49142,
                "254": 49332,
                "253": 49485,
                "252": 49667,
                "251": 49852,
                "250": 50014,
                "249": 50214,
                "248": 50392,
                "247": 50561,
                "246": 50719,
                "245": 50890,
                "244": 51063,
                "243": 51221,
                "242": 51400,
                "241": 51549,
                "240": 51708,
                "239": 51855,
                "238": 52017,
                "237": 52167,
                "236": 52308,
                "235": 52449,
                "234": 52616,
                "233": 52757,
                "232": 52898,
                "231": 53060,
                "230": 53208,
                "229": 53341,
                "228": 53465,
                "227": 53612,
                "226": 53733,
                "225": 53872,
                "224": 53982,
                "223": 54100,
                "222": 54228,
                "221": 54357,
                "220": 54473,
                "219": 54606,
                "218": 54721,
                "217": 54842,
                "216": 54954,
                "215": 55066,
                "214": 55179,
                "213": 55296,
                "212": 55416,
                "211": 55509,
                "210": 55624,
                "209": 55713,
                "208": 55802,
                "207": 55912,
                "206": 55995,
                "205": 56080,
                "204": 56189,
                "203": 56273,
                "202": 56357,
                "201": 56442,
                "200": 56532,
                "199": 56626,
                "198": 56722,
                "197": 56803,
                "196": 56883,
                "195": 56943,
                "194": 57026,
                "193": 57090,
                "192": 57153,
                "191": 57230,
                "190": 57284,
                "189": 57354,
                "188": 57419,
                "187": 57472,
                "186": 57529,
                "185": 57581,
                "184": 57646,
                "183": 57711,
                "182": 57769,
                "181": 57832,
                "180": 57880,
                "179": 57941,
                "178": 57985,
                "177": 58033,
                "176": 58079,
                "175": 58122,
                "174": 58176,
                "173": 58221,
                "172": 58271,
                "171": 58323,
                "170": 58360,
                "169": 58409,
                "168": 58437,
                "167": 58468,
                "166": 58506,
                "165": 58545,
                "164": 58577,
                "163": 58615,
                "162": 58646,
                "161": 58680,
                "160": 58705,
                "159": 58721,
                "158": 58752,
                "157": 58778,
                "156": 58801,
                "155": 58824,
                "154": 58837,
                "153": 58858,
                "152": 58888,
                "151": 58913,
                "150": 58932,
                "149": 58950,
                "148": 58978,
                "147": 58998,
                "146": 59023,
                "145": 59038,
                "144": 59068,
                "143": 59087,
                "142": 59114,
                "141": 59133,
                "140": 59150,
                "139": 59168,
                "138": 59179,
                "137": 59192,
                "136": 59206,
                "135": 59222,
                "134": 59237,
                "133": 59247,
                "132": 59254,
                "131": 59262,
                "130": 59273,
                "129": 59283,
                "128": 59296,
                "127": 59306,
                "126": 59322,
                "125": 59336,
                "124": 59344,
                "123": 59352,
                "122": 59358,
                "121": 59362,
                "120": 59372,
                "119": 59383,
                "118": 59392,
                "117": 59401,
                "116": 59408,
                "115": 59418,
                "114": 59429,
                "113": 59438,
                "112": 59444,
                "111": 59456,
                "110": 59462,
                "109": 59472,
                "108": 59475,
                "107": 59484,
                "106": 59494,
                "105": 59500,
                "104": 59509,
                "103": 59510,
                "102": 59515,
                "101": 59521,
                "100": 59522,
                "99": 59526,
                "98": 59531,
                "97": 59532,
                "96": 59533,
                "95": 59538,
                "94": 59539,
                "93": 59542,
                "92": 59546,
                "91": 59549,
                "90": 59553,
                "89": 59561,
                "88": 59564,
                "87": 59567,
                "86": 59572,
                "85": 59576,
                "84": 59579,
                "83": 59581
            }
        }
    }
}