{
    "2018": {
        "四川": {
            "理科": {
                "689": 61,
                "688": 73,
                "687": 84,
                "686": 94,
                "685": 111,
                "684": 130,
                "683": 156,
                "682": 190,
                "681": 228,
                "680": 265,
                "679": 299,
                "678": 342,
                "677": 386,
                "676": 439,
                "675": 489,
                "674": 546,
                "673": 594,
                "672": 656,
                "671": 739,
                "670": 821,
                "669": 905,
                "668": 997,
                "667": 1085,
                "666": 1180,
                "665": 1299,
                "664": 1438,
                "663": 1573,
                "662": 1695,
                "661": 1849,
                "660": 1986,
                "659": 2131,
                "658": 2304,
                "657": 2475,
                "656": 2639,
                "655": 2799,
                "654": 2988,
                "653": 3177,
                "652": 3400,
                "651": 3634,
                "650": 3864,
                "649": 4146,
                "648": 4390,
                "647": 4646,
                "646": 4901,
                "645": 5170,
                "644": 5431,
                "643": 5716,
                "642": 6942
            }
        }
    }
}