{
    "2018": {
        "甘肃": {
            "文科": {
                "626": 10,
                "625": 10,
                "624": 12,
                "623": 13,
                "622": 15,
                "621": 16,
                "620": 20,
                "619": 21,
                "618": 24,
                "617": 30,
                "616": 35,
                "615": 38,
                "614": 42,
                "613": 45,
                "612": 45,
                "611": 54 ,
                "610": 58,
                "609": 62,
                "608": 70,
                "607": 77,
                "606": 79,
                "605": 87,
                "604": 94,
                "603": 98,
                "602": 101,
                "601": 104,
                "600": 116,
                "599": 125,
                "598": 127,
                "597": 142,
                "596": 153,
                "595": 165,
                "594": 179,
                "593": 188,
                "592": 200,
                "591": 214,
                "590": 228,
                "589": 237,
                "588": 250,
                "587": 268,
                "586": 280,
                "585": 294,
                "584": 307,
                "583": 335,
                "582": 355,
                "581": 374,
                "580": 408,
                "579": 425,
                "578": 457,
                "577": 485,
                "576": 512，
                "575": 545，
                "574": 572，
                "573": 605，
                "572": 630，
                "571": 664，
                "570": 701，
                "569": 738，
                "568": 779，
                "567": 814，
                "566": 846，
                "565": 878，
                "564": 924，
                "563": 953，
                "562": 1005，
                "561": 1030，
                "560": 1077，
                "559": 1102，
                "558": 1137，
                "557": 1188，
                "556": 1242，
                "555": 1290，
                "554": 1331，
                "553": 1392，
                "552": 1444，
                "551": 1505，
                "550": 1553，
                "549": 1613，
                "548": 1675，
                "547": 1738，
                "546": 1794，
                "545": 1860，
                "544": 1928，
                "543": 1990，
                "542": 2066，
                "541": 2145，               
                "540": 2224，
                "539": 2293，
                "538": 2372，
                "537": 2444，
                "536": 2534，
                "535": 2633，
                "534": 2727，
                "533": 2823，
                "532": 2908，
                "531": 3001，
                "530": 3106，
                "529": 3209，
                "528": 3301，
                "527": 3399，
                "526": 3510，
                "525": 3637，
                "524": 3754，
                "523": 3873，
                "522": 3981，
                "521": 4093，
                "520": 4228，
                "519": 4373，
                "518": 4485，
                "517": 4611，
                "516": 4724，
                "515": 4854，
                "514": 4994，
                "513": 5152，
                "512": 5266，
                "511": 5404，
                "510": 5585，
                "509": 5753，
                "508": 5923，
                "507": 6095，
                "506": 6307，
                "505": 6489，
                "504": 6677，
                "503": 6865，
                "502": 7034，
                "501": 7207，
                "500": 7402，
                "499": 7587，
                "498": 7779，
                "497": 7966，
                "496": 8163，
                "495": 8371，
                "494": 8589，
                "493": 8808，
                "492": 9016，
                "491": 9266，
                "490": 9427，
                "489": 9614，
                "488": 9861，
                "487": 10081，
                "486": 10301，
                "485": 10521，
                "484": 10734，
                "483": 10953，
                "482": 11210，
                "481": 11438，
                "480": 11710，               
                "479": 11916，
                "478": 12158，
                "477": 12432，
                "476": 12671，
                "475": 12944，
                "474": 13200，
                "473": 13451，
                "472": 13697，
                "471": 13992，
                "470": 14261，
                "469": 14514，
                "468": 14794，
                "467": 15049，
                "466": 15319，
                "465": 15593，
                "464": 15878，
                "463": 16165，
                "462": 16421，
                "461": 16695，
                "460": 16957，
                "459": 17242，
                "458": 17535，
                "457": 17821，
                "456": 18094，
                "455": 18360，
                "454": 18642，
                "453": 18885，
                "452": 19157，
                "451": 19459，
                "450": 19721
            }
        }
    }
}
