{
    "2018": {
        "贵州": {
            "理科": {
                "690": 23,
                "689": 24,
                "688": 26,
                "687": 32,
                "686": 36,
                "685": 42,
                "684": 54,
                "683": 59,
                "682": 67,
                "681": 72,
                "680": 81,
                "679": 92,
                "678": 99,
                "677": 113,
                "676": 120,
                "675": 125,
                "674": 140,
                "673": 155,
                "672": 168,
                "671": 178,
                "670": 195,
                "669": 205,
                "668": 220,
                "667": 238,
                "666": 268,
                "665": 300,
                "664": 317,
                "663": 338,
                "662": 367,
                "661": 394,
                "660": 422,
                "659": 452,
                "658": 481,
                "657": 515,
                "656": 545,
                "655": 583,
                "654": 622,
                "653": 655,
                "652": 692,
                "651": 747,
                "650": 799,
                "649": 839,
                "648": 886,
                "647": 929,
                "646": 963,
                "645": 1018,
                "644": 1065,
                "643": 1121,
                "642": 1167,
                "641": 1225,
                "640": 1292,
                "639": 1356,
                "638": 1405,
                "637": 1473,
                "636": 1542,
                "635": 1608,
                "634": 1680,
                "633": 1755,
                "632": 1831,
                "631": 1902,
                "630": 1986,
                "629": 2077,
                "628": 2161,
                "627": 2232,
                "626": 2305,
                "625": 2387,
                "624": 2466,
                "623": 2563,
                "622": 2662,
                "621": 2743,
                "620": 2834,
                "619": 2932,
                "618": 3027,
                "617": 3132,
                "616": 3237,
                "615": 3338,
                "614": 3448,
                "613": 3568,
                "612": 3675,
                "611": 3780,
                "610": 3903,
                "609": 4024,
                "608": 4161,
                "607": 4282,
                "606": 4414,
                "605": 4536,
                "604": 4676,
                "603": 4819,
                "602": 4975,
                "601": 5115,
                "600": 5257,
                "599": 5396,
                "598": 5559,
                "597": 5681,
                "596": 5835,
                "595": 5991,
                "594": 6172,
                "593": 6349,
                "592": 6526,
                "591": 6703,
                "590": 6854,
                "589": 7020,
                "588": 7194,
                "587": 7377,
                "586": 7574,
                "585": 7749,
                "584": 7922,
                "583": 8115,
                "582": 8274,
                "581": 8512,
                "580": 8725,
                "579": 8917,
                "578": 9104,
                "577": 9314,
                "576": 9522,
                "575": 9724,
                "574": 9936,
                "573": 10146,
                "572": 10368,
                "571": 10590,
                "570": 10817,
                "569": 11030,
                "568": 11267,
                "567": 11495,
                "566": 11726,
                "565": 11974,
                "564": 12240,
                "563": 12486,
                "562": 12746,
                "561": 13004,
                "560": 13251,
                "559": 13535,
                "558": 13800,
                "557": 14084,
                "556": 14346,
                "555": 14574,
                "554": 14831,
                "553": 15098,
                "552": 15378,
                "551": 15655,
                "550": 15917,
                "549": 16203,
                "548": 16478,
                "547": 16783,
                "546": 17094,
                "545": 17393,
                "544": 17688,
                "543": 18024,
                "542": 18353,
                "541": 18655,
                "540": 18976,
                "539": 19306,
                "538": 19608,
                "537": 19929,
                "536": 20246,
                "535": 20596,
                "534": 20922,
                "533": 21255,
                "532": 21640,
                "531": 22002,
                "530": 22367,
                "529": 22755,
                "528": 23138,
                "527": 23514,
                "526": 23882,
                "525": 24300,
                "524": 24661,
                "523": 25036,
                "522": 25435,
                "521": 25823,
                "520": 26184,
                "519": 26557,
                "518": 26924,
                "517": 27325,
                "516": 27771,
                "515": 28176,
                "514": 28603,
                "513": 29023,
                "512": 29458,
                "511": 29861,
                "510": 30284,
                "509": 30722,
                "508": 31159,
                "507": 31563,
                "506": 32007,
                "505": 32451,
                "504": 32885,
                "503": 33321,
                "502": 33760,
                "501": 34215,
                "500": 34670,
                "499": 35147,
                "498": 35655,
                "497": 36113,
                "496": 36595,
                "495": 37074,
                "494": 37537,
                "493": 38000,
                "492": 38511,
                "491": 39026,
                "490": 39504,
                "489": 39977,
                "488": 40482,
                "487": 41000,
                "486": 41532,
                "485": 42065,
                "484": 42640,
                "483": 43193,
                "482": 43724,
                "481": 44234,
                "480": 44774,
                "479": 45342,
                "478": 45882,
                "477": 46468,
                "476": 47056,
                "475": 47647,
                "474": 48220,
                "473": 48790,
                "472": 49383,
                "471": 49916,
                "470": 50524,
                "469": 51128,
                "468": 51768,
                "467": 52406,
                "466": 53035,
                "465": 53667,
                "464": 54337,
                "463": 55048,
                "462": 55669,
                "461": 56311,
                "460": 56986,
                "459": 57642,
                "458": 58351,
                "457": 59010,
                "456": 59689,
                "455": 60315,
                "454": 61035,
                "453": 61713,
                "452": 62411,
                "451": 63132,
                "450": 63837,
                "449": 64511,
                "448": 65240,
                "447": 65951,
                "446": 66707,
                "445": 67436,
                "444": 68146,
                "443": 68887,
                "442": 69655,
                "441": 70418,
                "440": 71203,
                "439": 71936,
                "438": 72738,
                "437": 73554,
                "436": 74388,
                "435": 75182,
                "434": 75980,
                "433": 76809,
                "432": 77638,
                "431": 78482,
                "430": 79288,
                "429": 80120,
                "428": 80933,
                "427": 81799,
                "426": 82657,
                "425": 83523,
                "424": 84382,
                "423": 85237,
                "422": 86068,
                "421": 86908,
                "420": 87797,
                "419": 88670,
                "418": 89541,
                "417": 90363,
                "416": 91243,
                "415": 92089,
                "414": 92938,
                "413": 93841,
                "412": 94732,
                "411": 95703,
                "410": 96610,
                "409": 97510,
                "408": 98418,
                "407": 99342,
                "406": 100280,
                "405": 101162,
                "404": 102082,
                "403": 102958,
                "402": 103891,
                "401": 104878,
                "400": 105836,
                "399": 106775,
                "398": 107763,
                "397": 108682,
                "396": 109649,
                "395": 110578,
                "394": 111512,
                "393": 112461,
                "392": 113391,
                "391": 114362,
                "390": 115316,
                "389": 116204,
                "388": 117236,
                "387": 118130,
                "386": 119093,
                "385": 119999,
                "384": 120951,
                "383": 121884,
                "382": 122811,
                "381": 123733,
                "380": 124682,
                "379": 125647,
                "378": 126589,
                "377": 127520,
                "376": 128430,
                "375": 129342,
                "374": 130230,
                "373": 131132,
                "372": 132076,
                "371": 132970,
                "370": 133859,
                "369": 134795,
                "368": 135674,
                "367": 136620,
                "366": 137522,
                "365": 138408,
                "364": 139223,
                "363": 140116,
                "362": 141010,
                "361": 141882,
                "360": 142752,
                "359": 143601,
                "358": 144413,
                "357": 145285,
                "356": 146153,
                "355": 146970,
                "354": 147826,
                "353": 148669,
                "352": 149487,
                "351": 150306,
                "350": 151067,
                "349": 151875,
                "348": 152716,
                "347": 153499,
                "346": 154319,
                "345": 155099,
                "344": 155916,
                "343": 156691,
                "342": 157492,
                "341": 158283,
                "340": 159031,
                "339": 159812,
                "338": 160573,
                "337": 161304,
                "336": 162034,
                "335": 162752,
                "334": 163519,
                "333": 164239,
                "332": 164935,
                "331": 165645,
                "330": 166373,
                "329": 167098,
                "328": 167795,
                "327": 168452,
                "326": 169148,
                "325": 169841,
                "324": 170539,
                "323": 171153,
                "322": 171839,
                "321": 172473,
                "320": 173106,
                "319": 173733,
                "318": 174408,
                "317": 175020,
                "316": 175646,
                "315": 176302,
                "314": 176961,
                "313": 177537,
                "312": 178116,
                "311": 178714,
                "310": 179329,
                "309": 179907,
                "308": 180533,
                "307": 181121,
                "306": 181716,
                "305": 182279,
                "304": 182844,
                "303": 183369,
                "302": 183950,
                "301": 184484,
                "300": 185040,
                "299": 185566,
                "298": 186088,
                "297": 186594,
                "296": 187119,
                "295": 187608,
                "294": 188103,
                "293": 188627,
                "292": 189137,
                "291": 189615,
                "290": 190101,
                "289": 190566,
                "288": 191063,
                "287": 191553,
                "286": 192035,
                "285": 192498,
                "284": 192963,
                "283": 193438,
                "282": 193893,
                "281": 194356,
                "280": 194774,
                "279": 195179,
                "278": 195584,
                "277": 196014,
                "276": 196452,
                "275": 196838,
                "274": 197246,
                "273": 197661,
                "272": 198027,
                "271": 198421,
                "270": 198793,
                "269": 199178,
                "268": 199528,
                "267": 199900,
                "266": 200238,
                "265": 200593,
                "264": 200918,
                "263": 201249,
                "262": 201580,
                "261": 201904,
                "260": 202220,
                "259": 202546,
                "258": 202838,
                "257": 203145,
                "256": 203438,
                "255": 203723,
                "254": 204017,
                "253": 204298,
                "252": 204568,
                "251": 204839,
                "250": 205120,
                "249": 205371,
                "248": 205601,
                "247": 205868,
                "246": 206129,
                "245": 206412,
                "244": 206652,
                "243": 206908,
                "242": 207141,
                "241": 207360,
                "240": 207584,
                "239": 207814,
                "238": 208018,
                "237": 208218,
                "236": 208443,
                "235": 208631,
                "234": 208836,
                "233": 209043,
                "232": 209268,
                "231": 209472,
                "230": 209656,
                "229": 209852,
                "228": 210044,
                "227": 210210,
                "226": 210374,
                "225": 210535,
                "224": 210683,
                "223": 210836,
                "222": 210967,
                "221": 211146,
                "220": 211297,
                "219": 211436,
                "218": 211562,
                "217": 211701,
                "216": 211825,
                "215": 211969,
                "214": 212099,
                "213": 212230,
                "212": 212370,
                "211": 212502,
                "210": 212597,
                "209": 212706,
                "208": 212813,
                "207": 212939,
                "206": 213046,
                "205": 213147,
                "204": 213240,
                "203": 213345,
                "202": 213449,
                "201": 213528
            }
        }
    }
}