{
    "2018": {
        "内蒙古": {
            "理科": {
                "675": 130,
                "674": 141,
                "673": 160,
                "672": 177,
                "671": 190,
                "670": 207,
                "669": 219,
                "668": 230,
                "667": 242,
                "666": 260,
                "665": 288,
                "664": 312,
                "663": 337,
                "662": 359,
                "661": 389,
                "660": 419,
                "659": 454,
                "658": 484,
                "657": 521,
                "656": 548,
                "655": 580,
                "654": 611,
                "653": 645,
                "652": 675,
                "651": 711,
                "650": 746,
                "649": 783,
                "648": 841,
                "647": 886,
                "646": 927,
                "645": 975,
                "644": 1013,
                "643": 1068,
                "642": 1121,
                "641": 1171,
                "640": 1220,
                "639": 1262,
                "638": 1310,
                "637": 1378,
                "636": 1437,
                "635": 1479,
                "634": 1534,
                "633": 1598,
                "632": 1649,
                "631": 1710,
                "630": 1767,
                "629": 1830,
                "628": 1890,
                "627": 1960,
                "626": 2041,
                "625": 2119,
                "624": 2189,
                "623": 2268,
                "622": 2341,
                "621": 2420,
                "620": 2489,
                "619": 2559,
                "618": 2631,
                "617": 2717,
                "616": 2790,
                "615": 2862,
                "614": 2958,
                "613": 3051,
                "612": 3133,
                "611": 3214,
                "610": 3297,
                "609": 3381,
                "608": 3475
            }
        }
    }
}