{
    "2018": {
        "河南": {
            "理科": {
                "706": 3,
                "705": 3,
                "704": 4,
                "703": 5,
                "702": 7,
                "701": 9,
                "700": 12,
                "699": 14,
                "698": 15,
                "697": 20,
                "696": 30,
                "695": 32,
                "694": 37,
                "693": 46,
                "692": 53,
                "691": 59,
                "690": 67,
                "689": 76,
                "688": 88,
                "687": 95,
                "686": 109,
                "685": 123,
                "684": 140,
                "683": 160,
                "682": 182,
                "681": 207,
                "680": 230,
                "679": 259,
                "678": 284,
                "677": 319,
                "676": 354,
                "675": 389,
                "674": 431,
                "673": 470,
                "672": 517,
                "671": 564,
                "670": 610,
                "669": 664,
                "668": 728,
                "667": 794,
                "666": 854,
                "665": 993,
                "664": 1006,
                "663": 1080,
                "662": 1146,
                "661": 1220,
                "660": 1302,
                "659": 1386,
                "658": 1466,
                "657": 1570,
                "656": 1655,
                "655": 1760,
                "654": 1863,
                "653": 2000,
                "652": 2130,
                "651": 2245,
                "650": 2377,
                "649": 2503,
                "648": 2652,
                "647": 2800,
                "646": 2928,
                "645": 3092,
                "644": 3246,
                "643": 3421,
                "642": 3598,
                "641": 3782,
                "640": 3960,
                "639": 4143,
                "638": 4329,
                "637": 4531,
                "636": 4718,
                "635": 4926,
                "634": 5125,
                "633": 5348,
                "632": 5559,
                "631": 5779,
                "630": 6000,
                "629": 6252,
                "628": 6498,
                "627": 6759,
                "626": 6996,
                "625": 7286,
                "624": 7555,
                "623": 7828,
                "622": 8141,
                "621": 8451,
                "620": 8748,
                "619": 9037,
                "618": 9354,
                "617": 9681,
                "616": 10013,
                "615": 10370,
                "614": 10714,
                "613": 11056,
                "612": 11400,
                "611": 11712,
                "610": 12100,
                "609": 12496,
                "608": 12912,
                "607": 13303,
                "606": 13715,
                "605": 14133,
                "604": 14591,
                "603": 15057,
                "602": 15444,
                "601": 15862,
                "600": 16314,
	            "599": 16721,
                "598": 17190,
                "597": 17669,
                "596": 18167,
                "595": 18611,
                "594": 19097,
                "593": 19586,
                "592": 20067,
                "591": 20612,
                "590": 21133,
                "589": 21709,
                "588": 22262,
                "587": 22847,
                "586": 23432,
                "585": 24015,
                "584": 24624,
                "583": 25200,
                "582": 25779,
                "581": 26389,
                "580": 27041,
                "579": 27642,
                "578": 28227,
                "577": 28843,
                "576": 29486,
                
	"575": 30122,
	"574": 30752,
	"573": 31384,
	"572": 32011,
	"571": 32759,
	"570": 33449,
	"569": 34113,
	"568": 34859,
	"567": 35578,
	"566": 36312,
	"565": 37053,
	"564": 37772,
	"563": 38484,
	"562": 39257,
	"561": 39974,
	"560": 40745,
	"559": 41539,
	"558": 42341,
	"557": 43166,
	"556": 43915,
	"555": 44734,
	"554": 45525,
	"553": 46358,
	"552": 47211,
	"551": 48043,
	"550": 48886,
	"549": 49758,
	"548": 50647,
	"547": 51463,
	"546": 52387,
	"545": 53254,
	"544": 54123,
	"543": 55062,
                "542": 55962,
                "541": 56901,
                "540": 57808,
                "539": 58817,
                "538": 59764,
                "537": 60743,
                "536": 61702,
                "535": 62665,
                "534": 63646,
                "533": 64596,
                "532": 65570,
                "531": 66544,
                "530": 67520,
                "529": 68522,
                "528": 69535,
                "527": 70573,
                "526": 71565,
                "525": 72572,
                "524": 73631,
                "523": 74566,
                "522": 75582,
                "521": 76578,
                "520": 77679,
                "519": 78689,
                "518": 79734,
                "517": 80757,
                "516": 81781,
                "515": 82846,
                "514": 83888,
                "513": 85035,
                "512": 86110,
                "511": 87208,
                "510": 88287,
                "509": 89407,
                "508": 90484,
                "507": 91562,
                "506": 92631,
                "505": 93772,
                "504": 94885,
                "503": 96023,
                "502": 97168,
                "501": 98319,
                "500": 99507,
                "499": 100709,
                "498": 101908,
                "497": 103118,
                "496": 104362,
                "495": 105524,
                "494": 106733,
                "493": 107979,
                "492": 109212,
                "491": 110417,
                "490": 111672,
                "489": 112929,
                "488": 114177,
                "487": 115409,
                "486": 116652,
                "485": 117903,
                "484": 119108,
                "483": 120408,
                "482": 121682,
                "481": 122901,
                "480": 124214,
                "479": 125497,
                "478": 126800,
                "477": 128060,
                "476": 129399,
                "475": 130659,
                "474": 131966,
                "473": 133310,
                "472": 134604,
                "471": 135954,
                "470": 137269,
                "469": 138568,
                "468": 139883,
                "467": 141173,
                "466": 142492,
                "465": 143825,
                "464": 145144,
                "463": 146450
            }
        }
    }
}
