{
    "2018": {
        "福建": {
            "文科": {
                "680": 4,
                "679": 5,
                "678": 5,
                "677": 5,
                "676": 6,
                "675": 7,
                "674": 9,
                "673": 9,
                "672": 10,
                "671": 10,
                "670": 11,
                "669": 12,
                "668": 12,
                "667": 15,
                "666": 16,
                "665": 18,
                "664": 23,
                "663": 27,
                "662": 27,
                "661": 33,
                "660": 38,
                "659": 42,
                "658": 50,
                "657": 55,
                "656": 62,
                "655": 75,
                "654": 80,
                "653": 87,
                "652": 100,
                "651": 105,
                "650": 113,
                "649": 125,
                "648": 137,
                "647": 153,
                "646": 169,
                "645": 185,
                "644": 192,
                "643": 211,
                "642": 234,
                "641": 247,
                "640": 262,
                "639": 285,
                "638": 305,
                "637": 330,
                "636": 346,
                "635": 370,
                "634": 391,
                "633": 412,
                "632": 440,
                "631": 465,
                "630": 499,
                "629": 527,
                "628": 558,
                "627": 584,
                "626": 615,
                "625": 652,
                "624": 692,
                "623": 729,
                "622": 765,
                "621": 808,
                "620": 841,
                "619": 883,
                "618": 924,
                "617": 974,
                "616": 1007,
                "615": 1055,
                "614": 1103,
                "613": 1149,
                "612": 1198,
                "611": 1252,
                "610": 1300,
                "609": 1354,
                "608": 1411,
                "607": 1456,
                "606": 1527,
                "605": 1581,
                "604": 1627,
                "603": 1707,
                "602": 1772,
                "601": 1837,
                "600": 1912,
                "599": 1993,
                "598": 2062,
                "597": 2141,
                "596": 2226,
                "595": 2303,
                "594": 2397,
                "593": 2487,
                "592": 2562,
                "591": 2643,
                "590": 2740,
                "589": 2830,
                "588": 2919,
                "587": 2998,
                "586": 3087,
                "585": 3169,
                "584": 3273,
                "583": 3378,
                "582": 3473,
                "581": 3576,
                "580": 3683,
                "579": 3778,
                "578": 3918,
                "577": 4032,
                "576": 4139,
                "575": 4262,
                "574": 4356,
                "573": 4480,
                "572": 4605,
                "571": 4716,
                "570": 4844,
                "569": 4948,
                "568": 5082,
                "567": 5192,
                "566": 5330,
                "565": 5454,
                "564": 5580,
                "563": 5710,
                "562": 5841,
                "561": 5980,
                "560": 6112,
                "559": 6231,
                "558": 6392,
                "557": 6540,
                "556": 6690,
                "555": 6826,
                "554": 6975,
                "553": 7099,
                "552": 7247,
                "551": 7405,
                "550": 7565,
                "549": 7718,
                "548": 7895,
                "547": 8066,
                "546": 8220,
                "545": 8374,
                "544": 8530,
                "543": 8687,
                "542": 8869,
                "541": 9001,
                "540": 9158,
                "539": 9326,
                "538": 9478,
                "537": 9649,
                "536": 9817,
                "535": 9981,
                "534": 10135,
                "533": 10303,
                "532": 10479,
                "531": 10654,
                "530": 10837,
                "529": 11011,
                "528": 11188,
                "527": 11340,
                "526": 11510,
                "525": 11707,
                "524": 11907,
                "523": 12107,
                "522": 12288,
                "521": 12479,
                "520": 12669,
                "519": 12859,
                "518": 13060,
                "517": 13254,
                "516": 13451,
                "515": 13629,
                "514": 13819,
                "513": 14018,
                "512": 14211,
                "511": 14408,
                "510": 14614,
                "509": 14821,
                "508": 15014,
                "507": 15233,
                "506": 15452,
                "505": 15632,
                "504": 15839,
                "503": 16061,
                "502": 16263,
                "501": 16490,
                "500": 16716,
                "499": 16901,
                "498": 17122,
                "497": 17313,
                "496": 17536,
                "495": 17777,
                "494": 18013,
                "493": 18215,
                "492": 18430,
                "491": 18654,
                "490": 18900,
                "489": 19116,
                "488": 19346,
                "487": 19578,
                "486": 19833,
                "485": 20050,
                "484": 20271,
                "483": 20509,
                "482": 20734,
                "481": 20992,
                "480": 21252,
                "479": 21474,
                "478": 21683,
                "477": 21924,
                "476": 22149,
                "475": 22409,
                "474": 22627,
                "473": 22875,
                "472": 23121,
                "471": 23343,
                "470": 23592,
                "469": 23802,
                "468": 24053,
                "467": 24297,
                "466": 24548,
                "465": 24805,
                "464": 25070,
                "463": 25338,
                "462": 25597,
                "461": 25827,
                "460": 26091,
                "459": 26357,
                "458": 26611,
                "457": 26880,
                "456": 27144,
                "455": 27397,
                "454": 27655,
                "453": 27914,
                "452": 28156,
                "451": 28384,
                "450": 28661,
                "449": 28882,
                "448": 29154,
                "447": 29424,
                "446": 29687,
                "445": 29954,
                "444": 30206,
                "443": 30479
            }
        }
    }
}