{
    "2018": {
        "吉林": {
            "理科": {
                "692": 56,
                "691": 66,
                "690": 73,
                "689": 81,
                "688": 96,
                "687": 103,
                "686": 119,
                "685": 130,
                "684": 150,
                "683": 162,
                "682": 183,
                "681": 201,
                "680": 218,
                "679": 228,
                "678": 241,
                "677": 262,
                "676": 287,
                "675": 309,
                "674": 330,
                "673": 354,
                "672": 381,
                "671": 407,
                "670": 442,
                "669": 476,
                "668": 513,
                "667": 546,
                "666": 584,
                "665": 623,
                "664": 663,
                "663": 705,
                "662": 740,
                "661": 780,
                "660": 817,
                "659": 857,
                "658": 900,
                "657": 940,
                "656": 994,
                "655": 1048,
                "654": 1106,
                "653": 1158,
                "652": 1207,
                "651": 1278,
                "650": 1343,
                "649": 1405,
                "648": 1467,
                "647": 1537,
                "646": 1609,
                "645": 1674,
                "644": 1751,
                "643": 1811,
                "642": 1871,
                "641": 1939,
                "640": 2012,
                "639": 2073,
                "638": 2151,
                "637": 2236,
                "636": 2308,
                "635": 2392,
                "634": 2462,
                "633": 2539,
                "632": 2611,
                "631": 2691,
                "630": 2778,
                "629": 2868,
                "628": 2948,
                "627": 3030,
                "626": 3130,
                "625": 3236,
                "624": 3310,
                "623": 3409,
                "622": 3489,
                "621": 3602,
                "620": 3700,
                "619": 3820,
                "618": 3926,
                "617": 4049,
                "616": 4146,
                "615": 4248,
                "614": 4348,
                "613": 4457,
                "612": 4579,
                "611": 4674,
                "610": 4795,
                "609": 4914,
                "608": 5037,
                "607": 5165,
                "606": 5276,
                "605": 5399,
                "604": 5518,
                "603": 5659,
                "602": 5777,
                "601": 5914,
                "600": 6043,
                "599": 6163,
                "598": 6299,
                "597": 6422,
                "596": 6548,
                "595": 6679,
                "594": 6810,
                "593": 6939,
                "592": 7082,
                "591": 7198,
                "590": 7348,
                "589": 7483,
                "588": 7623,
                "587": 7742,
                "586": 7869,
                "585": 8009,
                "584": 8155,
                "583": 8306,
                "582": 8454,
                "581": 8591,
                "580": 8758,
                "579": 8927,
                "578": 9073,
                "577": 9220,
                "576": 9383,
                "575": 9547,
                "574": 9682,
                "573": 9828,
                "572": 10000,
                "571": 10158,
                "570": 10330,
                "569": 10478,
                "568": 10641,
                "567": 10803,
                "566": 10973,
                "565": 11137,
                "564": 11314,
                "563": 11477,
                "562": 11636,
                "561": 11799,
                "560": 11969,
                "559": 12102,
                "558": 12257,
                "557": 12415,
                "556": 12559,
                "555": 12734,
                "554": 12917,
                "553": 13116,
                "552": 13276,
                "551": 13434,
                "550": 13606,
                "549": 13781,
                "548": 13936,
                "547": 14117,
                "546": 14276,
                "545": 14458,
                "544": 14661,
                "543": 14863,
                "542": 15046,
                "541": 15196,
                "540": 15380,
                "539": 15549,
                "538": 15725,
                "537": 15909,
                "536": 16113,
                "535": 16312,
                "534": 16507,
                "533": 16701,
                "532": 16904,
                "531": 17117,
                "530": 17291,
                "529": 17509,
                "528": 17711,
                "527": 17900,
                "526": 18104,
                "525": 18306,
                "524": 18520,
                "523": 18717,
                "522": 18901,
                "521": 19113,
                "520": 19323,
                "519": 19506,
                "518": 19726,
                "517": 19944,
                "516": 20156,
                "515": 20358,
                "514": 20558,
                "513": 20769,
                "512": 20961,
                "511": 21169,
                "510": 21374,
                "509": 21611,
                "508": 21836,
                "507": 22067,
                "506": 22294,
                "505": 22494,
                "504": 22724,
                "503": 22921,
                "502": 23143,
                "501": 23392,
                "500": 23596,
                "499": 23805,
                "498": 24018,
                "497": 24235,
                "496": 24434,
                "495": 24656,
                "494": 24885,
                "493": 25119,
                "492": 25319,
                "491": 25567,
                "490": 25791,
                "489": 26022,
                "488": 26227,
                "487": 26466,
                "486": 26715,
                "485": 26934,
                "484": 27169,
                "483": 27404,
                "482": 27655,
                "481": 27879,
                "480": 28097,
                "479": 28341,
                "478": 28586,
                "477": 28822,
                "476": 29017,
                "475": 29228,
                "474": 29438,
                "473": 29648,
                "472": 29908,
                "471": 30133,
                "470": 30363,
                "469": 30619,
                "468": 30871,
                "467": 31125,
                "466": 31369,
                "465": 31617,
                "464": 31876,
                "463": 32136,
                "462": 32378,
                "461": 32633,
                "460": 32892,
                "459": 33122,
                "458": 33383,
                "457": 33637,
                "456": 33897,
                "455": 34157,
                "454": 34428,
                "453": 34657,
                "452": 34895,
                "451": 35138,
                "450": 35380,
                "449": 35642,
                "448": 35883,
                "447": 36138,
                "446": 36386,
                "445": 36652,
                "444": 36913,
                "443": 37148,
                "442": 37387,
                "441": 37648,
                "440": 37903,
                "439": 38143,
                "438": 38394,
                "437": 38669,
                "436": 38922,
                "435": 39170,
                "434": 39413,
                "433": 39686,
                "432": 39951,
                "431": 40195,
                "430": 40447,
                "429": 40693,
                "428": 40941,
                "427": 41202,
                "426": 41448,
                "425": 41688,
                "424": 41954,
                "423": 42180,
                "422": 42426,
                "421": 42656,
                "420": 42896,
                "419": 43114,
                "418": 43352,
                "417": 43610,
                "416": 43834,
                "415": 44095,
                "414": 44355,
                "413": 44607,
                "412": 44829,
                "411": 45073,
                "410": 45315,
                "409": 45556,
                "408": 45791,
                "407": 46022,
                "406": 46273,
                "405": 46516,
                "404": 46746,
                "403": 46953,
                "402": 47186,
                "401": 47403,
                "400": 47637,
                "399": 47879,
                "398": 48101,
                "397": 48319,
                "396": 48538,
                "395": 48763,
                "394": 49006,
                "393": 49236,
                "392": 49451,
                "391": 49689,
                "390": 49898,
                "389": 50133,
                "388": 50330,
                "387": 50550,
                "386": 50728,
                "385": 50917,
                "384": 51117,
                "383": 51313,
                "382": 51535,
                "381": 51740,
                "380": 51945,
                "379": 52164,
                "378": 52391,
                "377": 52608,
                "376": 52820,
                "375": 53045,
                "374": 53252,
                "373": 53466,
                "372": 53673,
                "371": 53870,
                "370": 54078,
                "369": 54267,
                "368": 54453,
                "367": 54635,
                "366": 54811,
                "365": 55013,
                "364": 55222,
                "363": 55395,
                "362": 55592,
                "361": 55784,
                "360": 55935,
                "359": 56107,
                "358": 56281,
                "357": 56465,
                "356": 56654,
                "355": 56828,
                "354": 57015,
                "353": 57182,
                "352": 57361,
                "351": 57525,
                "350": 57692,
                "349": 57882,
                "348": 58065,
                "347": 58244,
                "346": 58421,
                "345": 58611,
                "344": 58790,
                "343": 58931,
                "342": 59085,
                "341": 59236,
                "340": 59382,
                "339": 59531,
                "338": 59703,
                "337": 59847,
                "336": 59996,
                "335": 60140,
                "334": 60308,
                "333": 60445,
                "332": 60601,
                "331": 60749,
                "330": 60911,
                "329": 61063,
                "328": 61187,
                "327": 61333,
                "326": 61491,
                "325": 61616,
                "324": 61756,
                "323": 61913,
                "322": 62034,
                "321": 62167,
                "320": 62309,
                "319": 62463,
                "318": 62573,
                "317": 62702,
                "316": 62834,
                "315": 62980,
                "314": 63108,
                "313": 63225,
                "312": 63344,
                "311": 63468,
                "310": 63595,
                "309": 63702,
                "308": 63817,
                "307": 63951,
                "306": 64067,
                "305": 64182,
                "304": 64288,
                "303": 64410,
                "302": 64543,
                "301": 64667,
                "300": 64784,
                "299": 64878,
                "298": 64980,
                "297": 65072,
                "296": 65191,
                "295": 65282,
                "294": 65388,
                "293": 65469,
                "292": 65566,
                "291": 65654,
                "290": 65757,
                "289": 65856,
                "288": 65957,
                "287": 66057,
                "286": 66143,
                "285": 66238,
                "284": 66336,
                "283": 66430,
                "282": 66518,
                "281": 66597,
                "280": 66691,
                "279": 66781,
                "278": 66868,
                "277": 66959,
                "276": 67055,
                "275": 67138,
                "274": 67211,
                "273": 67283,
                "272": 67360,
                "271": 67436,
                "270": 67519,
                "269": 67588,
                "268": 67673,
                "267": 67745,
                "266": 67825,
                "265": 67897,
                "264": 67958,
                "263": 68040,
                "262": 68114,
                "261": 68180,
                "260": 68266,
                "259": 68332,
                "258": 68402,
                "257": 68472,
                "256": 68542,
                "255": 68602,
                "254": 68685,
                "253": 68753,
                "252": 68805,
                "251": 68877,
                "250": 68952,
                "249": 69010,
                "248": 69050,
                "247": 69110,
                "246": 69189,
                "245": 69237,
                "244": 69296,
                "243": 69352,
                "242": 69408,
                "241": 69469,
                "240": 69521,
                "239": 69578,
                "238": 69635,
                "237": 69682,
                "236": 69726,
                "235": 69786,
                "234": 69821,
                "233": 69876,
                "232": 69924,
                "231": 69970,
                "230": 70021,
                "229": 70073,
                "228": 70110,
                "227": 70161,
                "226": 70208,
                "225": 70246,
                "224": 70287,
                "223": 70334,
                "222": 70381,
                "221": 70417,
                "220": 70467,
                "219": 70520,
                "218": 70545,
                "217": 70610,
                "216": 70658,
                "215": 70695,
                "214": 70731,
                "213": 70773,
                "212": 70821,
                "211": 70848,
                "210": 70876,
                "209": 70911,
                "208": 70944,
                "207": 70967,
                "206": 70998,
                "205": 71027,
                "204": 71057,
                "203": 71088,
                "202": 71115,
                "201": 71139,
                "200": 71172,
                "199": 71207,
                "198": 71243,
                "197": 71270,
                "196": 71293,
                "195": 71318,
                "194": 71340,
                "193": 71357,
                "192": 71379,
                "191": 71404,
                "190": 71431,
                "189": 71456,
                "188": 71477,
                "187": 71507,
                "186": 71532,
                "185": 71558,
                "184": 71567,
                "183": 71591,
                "182": 71608,
                "181": 71627,
                "180": 71651,
                "179": 71669,
                "178": 71687,
                "177": 71711,
                "176": 71731,
                "175": 71746,
                "174": 71762,
                "173": 71781,
                "172": 71796,
                "171": 71816,
                "170": 71825,
                "169": 71835,
                "168": 71846,
                "167": 71859,
                "166": 71873,
                "165": 71879,
                "164": 71891,
                "163": 71907,
                "162": 71916,
                "161": 71928,
                "160": 71935,
                "159": 71942,
                "158": 71948,
                "157": 71962,
                "156": 71974,
                "155": 71982,
                "154": 71992,
                "153": 71997,
                "152": 72003,
                "151": 72009,
                "150": 72013,
                "149": 72018,
                "148": 72024,
                "147": 72032,
                "146": 72037,
                "145": 72040,
                "144": 72047,
                "143": 72050,
                "142": 72054,
                "141": 72062,
                "140": 72067,
                "139": 72076,
                "138": 72083,
                "137": 72084,
                "136": 72090,
                "135": 72095,
                "134": 72097,
                "133": 72100,
                "132": 72105,
                "131": 72112,
                "130": 72118,
                "129": 72119,
                "128": 72121,
                "127": 72123,
                "126": 72127,
                "125": 72130,
                "124": 72134,
                "123": 72135,
                "122": 72139,
                "121": 72142,
                "120": 72148,
                "119": 72148,
                "118": 72150,
                "117": 72150,
                "116": 72151,
                "115": 72152,
                "114": 72154,
                "113": 72156,
                "112": 72161,
                "111": 72163,
                "110": 72165,
                "109": 72166,
                "108": 72168,
                "107": 72171,
                "106": 72171,
                "105": 72173,
                "104": 72174,
                "103": 72174,
                "102": 72177,
                "101": 72179,
                "100": 72180
            }
        }
    }
}