{
    "2018": {
        "安徽": {
            "理科": {
                "713": 1,
                "712": 1,
                "711": 1,
                "710": 1,
                "709": 2,
                "708": 3,
                "707": 4,
                "706": 7,
                "705": 7,
                "704": 10,
                "703": 11,
                "702": 13,
                "701": 17,
                "700": 20,
                "699": 22,
                "698": 26,
                "697": 29,
                "696": 36,
                "695": 47,
                "694": 53,
                "693": 65,
                "692": 74,
                "691": 80,
                "690": 91,
                "689": 103,
                "688": 109,
                "687": 122,
                "686": 140,
                "685": 150,
                "684": 165,
                "683": 183,
                "682": 205,
                "681": 229,
                "680": 249,
                "679": 276,
                "678": 306,
                "677": 344,
                "676": 378,
                "675": 431,
                "674": 471,
                "673": 516,
                "672": 565,
                "671": 608,
                "670": 656,
                "669": 714,
                "668": 762,
                "667": 819,
                "666": 871,
                "665": 929,
                "664": 1000,
                "663": 1057,
                "662": 1136,
                "661": 1216,
                "660": 1288,
                "659": 1377,
                "658": 1465,
                "657": 1540,
                "656": 1635,
                "655": 1747,
                "654": 1838,
                "653": 1941,
                "652": 2051,
                "651": 2149,
                "650": 2266,
                "649": 2403,
                "648": 2535,
                "647": 2651,
                "646": 2799,
                "645": 2926,
                "644": 3079,
                "643": 3209,
                "642": 3356,
                "641": 3505,
                "640": 3642,
                "639": 3788,
                "638": 3942,
                "637": 4121,
                "636": 4297,
                "635": 4457,
                "634": 4642,
                "633": 4804,
                "632": 4977,
                "631": 5164,
                "630": 5364,
                "629": 5552,
                "628": 5764,
                "627": 5959,
                "626": 6159,
                "625": 6392,
                "624": 6615,
                "623": 6849,
                "622": 7070,
                "621": 7321,
                "620": 7580,
                "619": 7798,
                "618": 8037,
                "617": 8269,
                "616": 8532,
                "615": 8797,
                "614": 9031,
                "613": 9307,
                "612": 9575,
                "611": 9861,
                "610": 10163,
                "609": 10447,
                "608": 10738,
                "607": 11034,
                "606": 11330,
                "605": 11658,
                "604": 11972,
                "603": 12280,
                "602": 12605,
                "601": 12940,
                "600": 13243,
                "599": 13587,
                "598": 13941,
                "597": 14306,
                "596": 14678,
                "595": 15090,
                "594": 15470,
                "593": 15837,
                "592": 16229,
                "591": 16618,
                "590": 17029,
                "589": 17438,
                "588": 17821,
                "587": 18221,
                "586": 18660,
                "585": 19108,
                "584": 19542,
                "583": 19974,
                "582": 20438,
                "581": 20893,
                "580": 21300,
                "579": 21762,
                "578": 22236,
                "577": 22724,
                "576": 23224,
                "575": 23745,
                "574": 24276,
                "573": 24774,
                "572": 25316,
                "571": 25787,
                "570": 26315,
                "569": 26845,
                "568": 27422,
                "567": 27935,
                "566": 28486,
                "565": 29088,
                "564": 29634,
                "563": 30250,
                "562": 30885,
                "561": 31517,
                "560": 32120,
                "559": 32729,
                "558": 33339,
                "557": 33952,
                "556": 34574,
                "555": 35154,
                "554": 35772,
                "553": 36413,
                "552": 37082,
                "551": 37728,
                "550": 38381,
                "549": 39095,
                "548": 39819,
                "547": 40507,
                "546": 41197,
                "545": 41877,
                "544": 42646,
                "543": 43376,
                "542": 44117,
                "541": 44863,
                "540": 45595,
                "539": 46292,
                "538": 47045,
                "537": 47752,
                "536": 48515,
                "535": 49293,
                "534": 50061,
                "533": 50820,
                "532": 51610,
                "531": 52449,
                "530": 53235,
                "529": 54089,
                "528": 54924,
                "527": 55752,
                "526": 56600,
                "525": 57409,
                "524": 58283,
                "523": 59132,
                "522": 59948,
                "521": 60790,
                "520": 61690,
                "519": 62521,
                "518": 63438,
                "517": 64355,
                "516": 65220,
                "515": 66153,
                "514": 67062,
                "513": 67997,
                "512": 68899,
                "511": 69846,
                "510": 70817,
                "509": 71718,
                "508": 72650,
                "507": 73596,
                "506": 74552,
                "505": 75457
            }
        }
    }
}