{
    "2018": {
        "江苏": {
            "理科": {
                "411": 106,
                "410": 129,
                "409": 153,
                "408": 176,
                "407": 206,
                "406": 244,
                "405": 294,
                "404": 349,
                "403": 403,
                "402": 481,
                "401": 554,
                "400": 632,
                "399": 729,
                "398": 824,
                "397": 941,
                "396": 1073,
                "395": 1212,
                "394": 1374,
                "393": 1532,
                "392": 1701,
                "391": 1905,
                "390": 2155,
                "389": 2410,
                "388": 2673,
                "387": 2977,
                "386": 3300,
                "385": 3640,
                "384": 4011,
                "383": 4417,
                "382": 4851,
                "381": 5336,
                "380": 5825,
                "379": 6385,
                "378": 6969,
                "377": 7556,
                "376": 8194,
                "375": 8891,
                "374": 9621,
                "373": 10394,
                "372": 11183,
                "371": 12005,
                "370": 12922,
                "369": 13873,
                "368": 14860,
                "367": 15901,
                "366": 16941,
                "365": 18059,
                "364": 19212,
                "363": 20410,
                "362": 21640,
                "361": 22922,
                "360": 24219,
                "359": 25636,
                "358": 27025,
                "357": 28507,
                "356": 30046,
                "355": 31599,
                "354": 33129,
                "353": 34711,
                "352": 36378,
                "351": 38010,
                "350": 39755,
                "349": 41496,
                "348": 43281,
                "347": 45083,
                "346": 46878,
                "345": 48674,
                "344": 50463,
                "343": 52349,
                "342": 54244,
                "341": 56169,
                "340": 58125,
                "339": 60015,
                "338": 61984,
                "337": 63904,
                "336": 65792,
                "335": 67672,
                "334": 69547,
                "333": 71407,
                "332": 73273,
                "331": 75169,
                "330": 76921,
                "329": 78695,
                "328": 80511,
                "327": 82278,
                "326": 84014,
                "325": 85721,
                "324": 87418,
                "323": 89091,
                "322": 90703,
                "321": 92279,
                "320": 93840,
                "319": 95383,
                "318": 96864,
                "317": 98336,
                "316": 99794,
                "315": 101132,
                "314": 102483,
                "313": 103739,
                "312": 104938,
                "311": 106202,
                "310": 107428,
                "309": 108533,
                "308": 109649,
                "307": 110690,
                "306": 111652,
                "305": 112659,
                "304": 113622,
                "303": 114525,
                "302": 115383,
                "301": 116214,
                "300": 117021,
                "299": 117783,
                "298": 118515,
                "297": 119199,
                "296": 119868,
                "295": 120541,
                "294": 121147,
                "293": 121720,
                "292": 122268,
                "291": 122809,
                "290": 123355,
                "289": 123839,
                "288": 124323,
                "287": 124729,
                "286": 125172,
                "285": 125565,
                "284": 125954,
                "283": 126306,
                "282": 126644,
                "281": 126947,
                "280": 127217,
                "279": 127496,
                "278": 127739,
                "277": 128026,
                "276": 128305,
                "275": 128540
            }
        }
    }
}