{
    "2018": {
        "江苏": {
            "文科": {
                "401": 77,
                "400": 84,
                "399": 95,
                "398": 113,
                "397": 132,
                "396": 153,
                "395": 180,
                "394": 221,
                "393": 248,
                "392": 276,
                "391": 312,
                "390": 353,
                "389": 396,
                "388": 449,
                "387": 506,
                "386": 582,
                "385": 639,
                "384": 685,
                "383": 771,
                "382": 847,
                "381": 933,
                "380": 1011,
                "379": 1130,
                "378": 1259,
                "377": 1392,
                "376": 1533,
                "375": 1669,
                "374": 1838,
                "373": 2016,
                "372": 2176,
                "371": 2355,
                "370": 2557,
                "369": 2768,
                "368": 2966,
                "367": 3184,
                "366": 3416,
                "365": 3637,
                "364": 3894,
                "363": 4158,
                "362": 4435,
                "361": 4731,
                "360": 5057,
                "359": 5421,
                "358": 5809,
                "357": 6193,
                "356": 6565,
                "355": 6958,
                "354": 7335,
                "353": 7758,
                "352": 8191,
                "351": 8595,
                "350": 9067,
                "349": 9571,
                "348": 10082,
                "347": 10578,
                "346": 11061,
                "345": 11589,
                "344": 12126,
                "343": 12675,
                "342": 13248,
                "341": 13856,
                "340": 14480,
                "339": 15120,
                "338": 15758,
                "337": 16391,
                "336": 17033,
                "335": 17698,
                "334": 18378,
                "333": 18979,
                "332": 19623,
                "331": 20283,
                "330": 20975,
                "329": 21649,
                "328": 22327,
                "327": 23015,
                "326": 23733,
                "325": 24430,
                "324": 25107,
                "323": 25836,
                "322": 26537,
                "321": 27191,
                "320": 27901,
                "319": 28591,
                "318": 29263,
                "317": 29936,
                "316": 30599,
                "315": 31234,
                "314": 31887,
                "313": 32510,
                "312": 33174,
                "311": 33821,
                "310": 34448,
                "309": 35020,
                "308": 35588,
                "307": 36189,
                "306": 36771,
                "305": 37299,
                "304": 37847,
                "303": 38385,
                "302": 38919,
                "301": 39416,
                "300": 39909,
                "299": 40395,
                "298": 40873,
                "297": 41308,
                "296": 41725,
                "295": 42171,
                "294": 42584,
                "293": 42996,
                "292": 43366,
                "291": 43728,
                "290": 44057,
                "289": 44366,
                "288": 44662,
                "287": 44970,
                "286": 45234,
                "285": 45516,
                "284": 45791,
                "283": 46026,
                "282": 46252,
                "281": 46468,
                "280": 46687,
                "279": 46899,
                "278": 47084,
                "277": 47259,
                "276": 47423,
                "275": 47599,
                "274": 47755,
                "273": 47909,
                "272": 48073,
                "271": 48191
            }
        }
    }
}