{
    "2018": {
        "重庆": {
            "文科": {
                "638": 11,
                "637": 12,
                "636": 13,
                "635": 19,
                "634": 23,
                "633": 24,
                "632": 26,
                "631": 29,
                "630": 33,
                "629": 42,
                "628": 48,
                "627": 52,
                "626": 61,
                "625": 71,
                "624": 79,
                "623": 89,
                "622": 96,
                "621": 105,
                "620": 115,
                "619": 121,
                "618": 128,
                "617": 140,
                "616": 156,
                "615": 170,
                "614": 185,
                "613": 195,
                "612": 210,
                "611": 222,
                "610": 240,
                "609": 261,
                "608": 283,
                "607": 304,
                "606": 326,
                "605": 343,
                "604": 367,
                "603": 397,
                "602": 420,
                "601": 457,
                "600": 485,
                "599": 505,
                "598": 539,
                "597": 576,
                "596": 610,
                "595": 638,
                "594": 681,
                "593": 718,
                "592": 764,
                "591": 823,
                "590": 874,
                "589": 920,
                "588": 953,
                "587": 1008,
                "586": 1063,
                "585": 1117,
                "584": 1166,
                "583": 1218,
                "582": 1283,
                "581": 1351,
                "580": 1410,
                "579": 1467,
                "578": 1528,
                "577": 1577,
                "576": 1643,
                "575": 1713,
                "574": 1786,
                "573": 1857,
                "572": 1928,
                "571": 2020,
                "570": 2105,
                "569": 2198,
                "568": 2294,
                "567": 2398,
                "566": 2486,
                "565": 2593,
                "564": 2690,
                "563": 2790,
                "562": 2902,
                "561": 3008,
                "560": 3116,
                "559": 3232,
                "558": 3350,
                "557": 3494,
                "556": 3598,
                "555": 3731,
                "554": 3862,
                "553": 4004,
                "552": 4152,
                "551": 4297,
                "550": 4443,
                "549": 4573,
                "548": 4747,
                "547": 4897,
                "546": 5034,
                "545": 5176,
                "544": 5334,
                "543": 5490,
                "542": 5685,
                "541": 5872,
                "540": 6051,
                "539": 6233,
                "538": 6420,
                "537": 6609,
                "536": 6781,
                "535": 6985
            }
        }
    }
}