{
    "2018": {
        "山西": {
            "理科": {
                "692": 10,
                "691": 12,
                "690": 13,
                "689": 13,
                "688": 16,
                "687": 21,
                "686": 25,
                "685": 28,
                "684": 34,
                "683": 40,
                "682": 42,
                "681": 44,
                "680": 51,
                "679": 54,
                "678": 58,
                "677": 63,
                "676": 70,
                "675": 80,
                "674": 87,
                "673": 98,
                "672": 107,
                "671": 127,
                "670": 139,
                "669": 149,
                "668": 163,
                "667": 176,
                "666": 195,
                "665": 210,
                "664": 228,
                "663": 246,
                "662": 268,
                "661": 279,
                "660": 296,
                "659": 320,
                "658": 353,
                "657": 377,
                "656": 407,
                "655": 436,
                "654": 470,
                "653": 496,
                "652": 530,
                "651": 565,
                "650": 605,
                "649": 638,
                "648": 676,
                "647": 711,
                "646": 746,
                "645": 797,
                "644": 836,
                "643": 873,
                "642": 920,
                "641": 969,
                "640": 1024,
                "639": 1074,
                "638": 1126,
                "637": 1190,
                "636": 1261,
                "635": 1316,
                "634": 1380,
                "633": 1438,
                "632": 1506,
                "631": 1581,
                "630": 1662,
                "629": 1727,
                "628": 1801,
                "627": 1890,
                "626": 1968,
                "625": 2040,
                "624": 2123,
                "623": 2221,
                "622": 2292,
                "621": 2359,
                "620": 2457,
                "619": 2551,
                "618": 2652,
                "617": 2734,
                "616": 2831,
                "615": 2945,
                "614": 3042,
                "613": 3170,
                "612": 3311,
                "611": 3444,
                "610": 3548,
                "609": 3654,
                "608": 3788,
                "607": 3914,
                "606": 4057,
                "605": 4206,
                "604": 4339,
                "603": 4480,
                "602": 4618,
                "601": 4741,
                "600": 4907,
                "599": 5081,
                "598": 5259,
                "597": 5420,
                "596": 5566,
                "595": 5714,
                "594": 5873,
                "593": 6061,
                "592": 6251,
                "591": 6442,
                "590": 6629,
                "589": 6819,
                "588": 7030,
                "587": 7227,
                "586": 7426,
                "585": 7617,
                "584": 7809,
                "583": 7996,
                "582": 8208,
                "581": 8442,
                "580": 8667,
                "579": 8893,
                "578": 9124,
                "577": 9350,
                "576": 9585,
                "575": 9834,
                "574": 10065,
                "573": 10307,
                "572": 10555,
                "571": 10819,
                "570": 11096,
                "569": 11383,
                "568": 11651,
                "567": 11917,
                "566": 12189,
                "565": 12483,
                "564": 12771,
                "563": 13069,
                "562": 13369,
                "561": 13666,
                "560": 13975,
                "559": 14287,
                "558": 14591,
                "557": 14908,
                "556": 15217,
                "555": 15552,
                "554": 15866,
                "553": 16189,
                "552": 16521,
                "551": 16850,
                "550": 17175,
                "549": 17516,
                "548": 17884,
                "547": 18218,
                "546": 18623,
                "545": 18967,
                "544": 19331,
                "543": 19724,
                "542": 20108,
                "541": 20483,
                "540": 20826,
                "539": 21223,
                "538": 21646,
                "537": 22036,
                "536": 22440,
                "535": 22869,
                "534": 23274,
                "533": 23682,
                "532": 24106,
                "531": 24554,
                "530": 24979,
                "529": 25374,
                "528": 25787,
                "527": 26209,
                "526": 26685,
                "525": 27154,
                "524": 27588,
                "523": 28080,
                "522": 28526,
                "521": 28987,
                "520": 29462,
                "519": 29946,
                "518": 30418,
                "517": 30876,
                "516": 31344,
                "515": 31805,
                "514": 32331,
                "513": 32822,
                "512": 33345,
                "511": 33887,
                "510": 34388,
                "509": 34905,
                "508": 35445,
                "507": 35961,
                "506": 36546,
                "505": 37089,
                "504": 37656,
                "503": 38208,
                "502": 38741,
                "501": 39282,
                "500": 39835,
                "499": 40390,
                "498": 40980,
                "497": 41503,
                "496": 42092,
                "495": 42687,
                "494": 43271,
                "493": 43811,
                "492": 44403,
                "491": 45043,
                "490": 45619,
                "489": 46237,
                "488": 46853,
                "487": 47427,
                "486": 48031,
                "485": 48667,
                "484": 49289,
                "483": 49890,
                "482": 50514,
                "481": 51125,
                "480": 51764,
                "479": 52397,
                "478": 53014,
                "477": 53657,
                "476": 54282,
                "475": 54889,
                "474": 55519,
                "473": 56155,
                "472": 56826,
                "471": 57485,
                "470": 58160,
                "469": 58831,
                "468": 59527,
                "467": 60157,
                "466": 60814,
                "465": 61470,
                "464": 62115,
                "463": 62752,
                "462": 63460,
                "461": 64111,
                "460": 64796,
                "459": 65419,
                "458": 66081,
                "457": 66804,
                "456": 67482,
                "455": 68152,
                "454": 68813,
                "453": 69436,
                "452": 70050,
                "451": 70732,
                "450": 71398,
                "449": 72032,
                "448": 72635,
                "447": 73318,
                "446": 73984,
                "445": 74669,
                "444": 75344,
                "443": 76003,
                "442": 76674,
                "441": 77376,
                "440": 77990,
                "439": 78648,
                "438": 79280,
                "437": 79899,
                "436": 80562,
                "435": 81214,
                "434": 81856,
                "433": 82506,
                "432": 83154
            }
        }
    }
}