{
    "2018": {
        "北京": {
            "文科": {
                "700": 6,
                "699": 7,
                "698": 10,
                "697": 11,
                "696": 12,
                "695": 13,
                "694": 15,
                "693": 16,
                "692": 20,
                "691": 21,
                "690": 24,
                "689": 29,
                "688": 32,
                "687": 41,
                "686": 47,
                "685": 51,
                "684": 56,
                "683": 61,
                "682": 65,
                "681": 72,
                "680": 78,
                "679": 85,
                "678": 94,
                "677": 106,
                "676": 118,
                "675": 128,
                "674": 141,
                "673": 153,
                "672": 166,
                "671": 179,
                "670": 194,
                "669": 211,
                "668": 227,
                "667": 240,
                "666": 261,
                "665": 288,
                "664": 308,
                "663": 336,
                "662": 358,
                "661": 382,
                "660": 412,
                "659": 435,
                "658": 454,
                "657": 480,
                "656": 511,
                "655": 531,
                "654": 559,
                "653": 583,
                "652": 611,
                "651": 639,
                "650": 686,
                "649": 719,
                "648": 745,
                "647": 783,
                "646": 830,
                "645": 868,
                "644": 904,
                "643": 953,
                "642": 995,
                "641": 1039,
                "640": 1083,
                "639": 1120,
                "638": 1156,
                "637": 1201,
                "636": 1237,
                "635": 1271,
                "634": 1311,
                "633": 1360,
                "632": 1396,
                "631": 1441,
                "630": 1485,
                "629": 1531,
                "628": 1582,
                "627": 1630,
                "626": 1685,
                "625": 1730,
                "624": 1781,
                "623": 1820,
                "622": 1865,
                "621": 1915,
                "620": 1978,
                "619": 2036,
                "618": 2098,
                "617": 2152,
                "616": 2197,
                "615": 2251,
                "614": 2309,
                "613": 2355,
                "612": 2402,
                "611": 2458,
                "610": 2517,
                "609": 2570,
                "608": 2622,
                "607": 2662,
                "606": 2727,
                "605": 2778,
                "604": 2840,
                "603": 2911,
                "602": 2972
            }
        }
    }
}