{
    "2018": {
        "上海": {
            "综合": {
                "611": 52,
                "610": 62,
                "609": 74,
                "608": 83,
                "607": 105,
                "606": 120,
                "605": 133,
                "604": 149,
                "603": 168,
                "602": 186,
                "601": 209,
                "600": 235,
                "599": 275,
                "598": 294,
                "597": 335,
                "596": 376,
                "595": 408,
                "594": 446,
                "593": 481,
                "592": 522,
                "591": 567,
                "590": 613,
                "589": 660,
                "588": 718,
                "587": 782,
                "586": 845,
                "585": 908,
                "584": 977,
                "583": 1056,
                "582": 1110,
                "581": 1200,
                "580": 1273,
                "579": 1345,
                "578": 1432,
                "577": 1510,
                "576": 1592,
                "575": 1685,
                "574": 1766,
                "573": 1862,
                "572": 1957,
                "571": 2061,
                "570": 2159,
                "569": 2243,
                "568": 2349,
                "567": 2462,
                "566": 2573,
                "565": 2677,
                "564": 2817,
                "563": 2939,
                "562": 3052,
                "561": 3180,
                "560": 3320,
                "559": 3463,
                "558": 3607,
                "557": 3738,
                "556": 3883,
                "555": 4039,
                "554": 4200,
                "553": 4360,
                "552": 4508,
                "551": 4673,
                "550": 4834,
                "549": 5004,
                "548": 5166,
                "547": 5320,
                "546": 5484,
                "545": 5654,
                "544": 5832,
                "543": 6020,
                "542": 6207,
                "541": 6388,
                "540": 6559,
                "539": 6731,
                "538": 6919,
                "537": 7103,
                "536": 7289,
                "535": 7464,
                "534": 7643,
                "533": 7847,
                "532": 8018,
                "531": 8216,
                "530": 8406
            }
        }
    }
}