{
    "2018": {
        "河北": {
            "理科": {
                "711": 20,
                "710": 23,
                "709": 30,
                "708": 37,
                "707": 45,
                "706": 51,
                "705": 57,
                "704": 66,
                "703": 85,
                "702": 96,
                "701": 107,
                "700": 122,
                "699": 147,
                "698": 166,
                "697": 179,
                "696": 205,
                "695": 242,
                "694": 271,
                "693": 319,
                "692": 359,
                "691": 401,
                "690": 434,
                "689": 484,
                "688": 541,
                "687": 607,
                "686": 657,
                "685": 718,
                "684": 796,
                "683": 863,
                "682": 947,
                "681": 1007,
                "680": 1084,
                "679": 1170,
                "678": 1252,
                "677": 1357,
                "676": 1471,
                "675": 1580,
                "674": 1685,
                "673": 1803,
                "672": 1919,
                "671": 2029,
                "670": 2168,
                "669": 2310,
                "668": 2438,
                "667": 2587,
                "666": 2733,
                "665": 2883,
                "664": 3034,
                "663": 3186,
                "662": 3359,
                "661": 3514,
                "660": 3678,
                "659": 3849,
                "658": 4026,
                "657": 4204,
                "656": 4399,
                "655": 4588,
                "654": 4811,
                "653": 5035,
                "652": 5240,
                "651": 5466,
                "650": 5681,
                "649": 5888,
                "648": 6099
            }
        }
    }
}