{
    "2019": {
        "湖北": {
            "文科": {
                "655": 16,
                "654": 18,
                "653": 18,
                "652": 21,
                "651": 21,
                "650": 27,
                "649": 32,
                "648": 34,
                "647": 38,
                "646": 41,
                "645": 50,
                "644": 58,
                "643": 65,
                "642": 74,
                "641": 85,
                "640": 98,
                "639": 101,
                "638": 115,
                "637": 124,
                "636": 135,
                "635": 155,
                "634": 166,
                "633": 178,
                "632": 189,
                "631": 209,
                "630": 225,
                "629": 243,
                "628": 268,
                "627": 290,
                "626": 307,
                "625": 326,
                "624": 348,
                "623": 378,
                "622": 397,
                "621": 430,
                "620": 460,
                "619": 496,
                "618": 541,
                "617": 583,
                "616": 627,
                "615": 664,
                "614": 700,
                "613": 750,
                "612": 801,
                "611": 843,
                "610": 905,
                "609": 960,
                "608": 1012,
                "607": 1059,
                "606": 1130,
                "605": 1200,
                "604": 1260,
                "603": 1318,
                "602": 1391,
                "601": 1472,
                "600": 1560,
                "599": 1641,
                "598": 1728,
                "597": 1808,
                "596": 1912,
                "595": 2000,
                "594": 2100,
                "593": 2188,
                "592": 2282,
                "591": 2375,
                "590": 2485,
                "589": 2596,
                "588": 2720,
                "587": 2835,
                "586": 2979,
                "585": 3098,
                "584": 3234,
                "583": 3351,
                "582": 3497,
                "581": 3641,
                "580": 3755,
                "579": 3911,
                "578": 4059,
                "577": 4220,
                "576": 4399,
                "575": 4564,
                "574": 4729,
                "573": 4898,
                "572": 5074,
                "571": 5228,
                "570": 5431,
                "569": 5637,
                "568": 5836,
                "567": 6059,
                "566": 6264,
                "565": 6486,
                "564": 6687,
                "563": 6897,
                "562": 7116,
                "561": 7360,
                "560": 7548,
                "559": 7761,
                "558": 7988,
                "557": 8234,
                "556": 8448,
                "555": 8672,
                "554": 8920,
                "553": 9153,
                "552": 9423,
                "551": 9653,
                "550": 9903,
                "549": 10144,
                "548": 10405,
                "547": 10661,
                "546": 10899,
                "545": 11151,
                "544": 11398,
                "543": 11674,
                "542": 11943
            }
        }
    }
}