{
    "2019": {
        "河北": {
            "文科": {
                "678": 13,
                "677": 15,
                "676": 18,
                "675": 20,
                "674": 24,
                "673": 29,
                "672": 34,
                "671": 38,
                "670": 42,
                "669": 55,
                "668": 61,
                "667": 73,
                "666": 81,
                "665": 92,
                "664": 99,
                "663": 106,
                "662": 121,
                "661": 133,
                "660": 141,
                "659": 158,
                "658": 177,
                "657": 196,
                "656": 205,
                "655": 225,
                "654": 249,
                "653": 272,
                "652": 296,
                "651": 319,
                "650": 332,
                "649": 356,
                "648": 380,
                "647": 407,
                "646": 450,
                "645": 481,
                "644": 509,
                "643": 547,
                "642": 589,
                "641": 625,
                "640": 658,
                "639": 696,
                "638": 723,
                "637": 758,
                "636": 810,
                "635": 846,
                "634": 892,
                "633": 950,
                "632": 1001,
                "631": 1057,
                "630": 1105,
                "629": 1173,
                "628": 1247,
                "627": 1312,
                "626": 1366,
                "625": 1434,
                "624": 1509,
                "623": 1602,
                "622": 1677,
                "621": 1752,
                "620": 1832,
                "619": 1931,
                "618": 2041,
                "617": 2145,
                "616": 2250,
                "615": 2359,
                "614": 2461,
                "613": 2571,
                "612": 2687,
                "611": 2801,
                "610": 2913,
                "609": 3027,
                "608": 3159,
                "607": 3290,
                "606": 3448,
                "605": 3590,
                "604": 3742,
                "603": 3879,
                "602": 4055,
                "601": 4215,
                "600": 4376,
                "599": 4528,
                "598": 4698,
                "597": 4881,
                "596": 5044,
                "595": 5224,
                "594": 5416,
                "593": 5589,
                "592": 5779,
                "591": 5985,
                "590": 6190,
                "589": 6388,
                "588": 6618,
                "587": 6845,
                "586": 7065,
                "585": 7324,
                "584": 7561,
                "583": 7801,
                "582": 8045,
                "581": 8300,
                "580": 8546,
                "579": 8804,
                "578": 9058,
                "577": 9320,
                "576": 9613,
                "575": 9894,
                "574": 10191,
                "573": 10498,
                "572": 10793,
                "571": 11088,
                "570": 11401,
                "569": 11709,
                "568": 12013,
                "567": 12302,
                "566": 12629,
                "565": 12961,
                "564": 13316,
                "563": 13660,
                "562": 13959,
                "561": 14303,
                "560": 14653,
                "559": 15018,
                "558": 15369,
                "557": 15731,
                "556": 16076,
                "555": 16427,
                "554": 16851,
                "553": 17223,
                "552": 17635,
                "551": 18021,
                "550": 18416,
                "549": 18829
            }
        }
    }
}
