{
    "2019": {
        "安徽": {
            "文科": {
                "650.0": 58,
                "649.0": 66,
                "648.0": 72,
                "647.0": 81,
                "646.0": 93,
                "645.0": 99,
                "644.0": 114,
                "643.0": 122,
                "642.0": 131,
                "641.0": 142,
                "640.0": 156,
                "639.0": 177,
                "638.0": 189,
                "637.0": 205,
                "636.0": 225,
                "635.0": 251,
                "634.0": 275,
                "633.0": 302,
                "632.0": 330,
                "631.0": 364,
                "630.0": 403,
                "629.0": 442,
                "628.0": 477,
                "627.0": 515,
                "626.0": 562,
                "625.0": 604,
                "624.0": 641,
                "623.0": 686,
                "622.0": 735,
                "621.0": 792,
                "620.0": 832,
                "619.0": 881,
                "618.0": 943,
                "617.0": 1012,
                "616.0": 1066,
                "615.0": 1138,
                "614.0": 1199,
                "613.0": 1282,
                "612.0": 1364,
                "611.0": 1440,
                "610.0": 1509,
                "609.0": 1593,
                "608.0": 1688,
                "607.0": 1801,
                "606.0": 1910,
                "605.0": 2026,
                "604.0": 2138,
                "603.0": 2254,
                "602.0": 2395,
                "601.0": 2524,
                "600.0": 2642,
                "599.0": 2779,
                "598.0": 2913,
                "597.0": 3071,
                "596.0": 3198,
                "595.0": 3332,
                "594.0": 3512,
                "593.0": 3694,
                "592.0": 3878,
                "591.0": 4097,
                "590.0": 4284,
                "589.0": 4497,
                "588.0": 4691,
                "587.0": 4894,
                "586.0": 5116,
                "585.0": 5348,
                "584.0": 5590,
                "583.0": 5840,
                "582.0": 6101,
                "581.0": 6402,
                "580.0": 6684,
                "579.0": 6974,
                "578.0": 7246,
                "577.0": 7519,
                "576.0": 7836,
                "575.0": 8131,
                "574.0": 8443,
                "573.0": 8802,
                "572.0": 9128,
                "571.0": 9515,
                "570.0": 9880,
                "569.0": 10236,
                "568.0": 10595,
                "567.0": 10982,
                "566.0": 11398,
                "565.0": 11807,
                "564.0": 12243,
                "563.0": 12672,
                "562.0": 13126,
                "561.0": 13571,
                "560.0": 14056,
                "559.0": 14521,
                "558.0": 14990,
                "557.0": 15413,
                "556.0": 15971,
                "555.0": 16490,
                "554.0": 16967,
                "553.0": 17514,
                "552.0": 18022,
                "551.0": 18624,
                "550.0": 19249
            }
        }
    }
}