{
    "2019": {
        "山东": {
            "文科": {
                "654": 21,
                "653": 24,
                "652": 24,
                "651": 29,
                "650": 30,
                "649": 32,
                "648": 36,
                "647": 42,
                "646": 45,
                "645": 49,
                "644": 54,
                "643": 63,
                "642": 74,
                "641": 86,
                "640": 98,
                "639": 113,
                "638": 126,
                "637": 144,
                "636": 162,
                "635": 175,
                "634": 193,
                "633": 213,
                "632": 238,
                "631": 264,
                "630": 294,
                "629": 313,
                "628": 332,
                "627": 368,
                "626": 408,
                "625": 445,
                "624": 479,
                "623": 527,
                "622": 574,
                "621": 627,
                "620": 679,
                "619": 740,
                "618": 793,
                "617": 854,
                "616": 908,
                "615": 966,
                "614": 1016,
                "613": 1091,
                "612": 1163,
                "611": 1237,
                "610": 1316,
                "609": 1414,
                "608": 1502,
                "607": 1606,
                "606": 1691,
                "605": 1788,
                "604": 1881,
                "603": 1990,
                "602": 2112,
                "601": 2241,
                "600": 2364,
                "599": 2505,
                "598": 2649,
                "597": 2791,
                "596": 2949,
                "595": 3103,
                "594": 3280,
                "593": 3453,
                "592": 3654,
                "591": 3854,
                "590": 4060,
                "589": 4279,
                "588": 4483,
                "587": 4657,
                "586": 4912,
                "585": 5129,
                "584": 5347,
                "583": 5602,
                "582": 5839,
                "581": 6080,
                "580": 6345,
                "579": 6634,
                "578": 6928,
                "577": 7216,
                "576": 7515,
                "575": 7850,
                "574": 8186,
                "573": 8534,
                "572": 8933,
                "571": 9285,
                "570": 9641,
                "569": 10040,
                "568": 10425,
                "567": 10864,
                "566": 11260,
                "565": 11654,
                "564": 12090,
                "563": 12532,
                "562": 13000,
                "561": 13464,
                "560": 13936,
                "559": 14411,
                "558": 14916,
                "557": 15402,
                "556": 15930,
                "555": 16482,
                "554": 16999,
                "553": 17563,
                "552": 18114,
                "551": 18669,
                "550": 19281,
                "549": 19857,
                "548": 20457,
                "547": 21101,
                "546": 21761,
                "545": 22391,
                "544": 23036,
                "543": 23662,
                "542": 24293,
                "541": 24936,
                "540": 25563,
                "539": 26228,
                "538": 26929,
                "537": 27691,
                "536": 28408,
                "535": 29078,
                "534": 29777,
                "533": 30426,
                "532": 31130,
                "531": 31874,
                "530": 32631,
                "529": 33325,
                "528": 34077,
                "527": 34767,
                "526": 35530,
                "525": 36250,
                "524": 37043,
                "523": 37817,
                "522": 38580,
                "521": 39314,
                "520": 40010,
                "519": 40767,
                "518": 41526,
                "517": 42265,
                "516": 42991,
                "515": 43730,
                "514": 44463,
                "513": 45256,
                "512": 45996,
                "511": 46713,
                "510": 47429,
                "509": 48173,
                "508": 48903,
                "507": 49675,
                "506": 50346,
                "505": 51083,
                "504": 51845,
                "503": 52515,
                "502": 53224,
                "501": 53928,
                "500": 54651,
                "499": 55329,
                "498": 56030,
                "497": 56728,
                "496": 57410,
                "495": 58128,
                "494": 58765,
                "493": 59417,
                "492": 60088,
                "491": 60722,
                "490": 61370,
                "489": 62046,
                "488": 62678,
                "487": 63287,
                "486": 63940,
                "485": 64582,
                "484": 65199,
                "483": 65825,
                "482": 66420,
                "481": 66986,
                "480": 67587,
                "479": 68169,
                "478": 68769,
                "477": 69352,
                "476": 69909,
                "475": 70482,
                "474": 71069,
                "473": 71581,
                "472": 72098,
                "471": 72637,
                "470": 73182,
                "469": 73704,
                "468": 74210,
                "467": 74686,
                "466": 75176,
                "465": 75665,
                "464": 76202,
                "463": 76699,
                "462": 77156,
                "461": 77618,
                "460": 78085,
                "459": 78536,
                "458": 78992,
                "457": 79427,
                "456": 79901,
                "455": 80368,
                "454": 80794,
                "453": 81261,
                "452": 81696,
                "451": 82096,
                "450": 82521,
                "449": 82919,
                "448": 83348,
                "447": 83766,
                "446": 84154,
                "445": 84549,
                "444": 84960,
                "443": 85359,
                "442": 85724,
                "441": 86079,
                "440": 86440,
                "439": 86795,
                "438": 87153,
                "437": 87504,
                "436": 87848,
                "435": 88187,
                "434": 88555,
                "433": 88902,
                "432": 89262,
                "431": 89586,
                "430": 89933,
                "429": 90266,
                "428": 90618,
                "427": 90945,
                "426": 91277,
                "425": 91601,
                "424": 91951,
                "423": 92277,
                "422": 92577,
                "421": 92879,
                "420": 93172,
                "419": 93482,
                "418": 93794,
                "417": 94123,
                "416": 94416,
                "415": 94714,
                "414": 95065,
                "413": 95369,
                "412": 95645,
                "411": 95911,
                "410": 96159,
                "409": 96410,
                "408": 96694,
                "407": 96963,
                "406": 97222,
                "405": 97501,
                "404": 97753,
                "403": 98076,
                "402": 98350,
                "401": 98616,
                "400": 98865,
                "399": 99110,
                "398": 99387,
                "397": 99617,
                "396": 99857,
                "395": 100106,
                "394": 100345,
                "393": 100599,
                "392": 100833,
                "391": 101089,
                "390": 101282,
                "389": 101519,
                "388": 101753,
                "387": 101982,
                "386": 102196,
                "385": 102423,
                "384": 102612,
                "383": 102834,
                "382": 103054,
                "381": 103252,
                "380": 103491,
                "379": 103711,
                "378": 103913,
                "377": 104122,
                "376": 104332,
                "375": 104547,
                "374": 104739,
                "373": 104946,
                "372": 105144,
                "371": 105345,
                "370": 105534,
                "369": 105729,
                "368": 105923,
                "367": 106113,
                "366": 106295,
                "365": 106511,
                "364": 106705,
                "363": 106901,
                "362": 107108,
                "361": 107312,
                "360": 107505,
                "359": 107698,
                "358": 107873,
                "357": 108065,
                "356": 108279,
                "355": 108456,
                "354": 108610,
                "353": 108810,
                "352": 108995,
                "351": 109185,
                "350": 109349,
                "349": 109547,
                "348": 109729,
                "347": 109914,
                "346": 110101,
                "345": 110274,
                "344": 110431,
                "343": 110600,
                "342": 110772,
                "341": 110969,
                "340": 111146,
                "339": 111325,
                "338": 111508,
                "337": 111680,
                "336": 111851,
                "335": 112017,
                "334": 112219,
                "333": 112404,
                "332": 112580,
                "331": 112725,
                "330": 112901,
                "329": 113072,
                "328": 113234,
                "327": 113401,
                "326": 113563,
                "325": 113746,
                "324": 113896,
                "323": 114061,
                "322": 114239,
                "321": 114396,
                "320": 114560,
                "319": 114760,
                "318": 114927,
                "317": 115108,
                "316": 115272,
                "315": 115424,
                "314": 115565,
                "313": 115706,
                "312": 115866,
                "311": 116003,
                "310": 116175,
                "309": 116335,
                "308": 116490,
                "307": 116633,
                "306": 116806,
                "305": 116975,
                "304": 117130,
                "303": 117259,
                "302": 117427,
                "301": 117566,
                "300": 117729,
                "299": 117869,
                "298": 118029,
                "297": 118169,
                "296": 118317,
                "295": 118474,
                "294": 118636,
                "293": 118802,
                "292": 118969,
                "291": 119111,
                "290": 119263,
                "289": 119410,
                "288": 119572,
                "287": 119735,
                "286": 119889,
                "285": 120034,
                "284": 120167,
                "283": 120315,
                "282": 120474,
                "281": 120640,
                "280": 120792,
                "279": 120922,
                "278": 121071,
                "277": 121223,
                "276": 121368,
                "275": 121511,
                "274": 121676,
                "273": 121805,
                "272": 121952,
                "271": 122101,
                "270": 122254,
                "269": 122395,
                "268": 122531,
                "267": 122656,
                "266": 122801,
                "265": 122944,
                "264": 123069,
                "263": 123205,
                "262": 123359,
                "261": 123498,
                "260": 123650,
                "259": 123806,
                "258": 123936,
                "257": 124070,
                "256": 124203,
                "255": 124343,
                "254": 124478,
                "253": 124621,
                "252": 124758,
                "251": 124891,
                "250": 125026,
                "249": 125180,
                "248": 125325,
                "247": 125443,
                "246": 125583,
                "245": 125701,
                "244": 125829,
                "243": 125967,
                "242": 126089,
                "241": 126225,
                "240": 126352,
                "239": 126468,
                "238": 126606,
                "237": 126736,
                "236": 126845,
                "235": 126989,
                "234": 127130,
                "233": 127258,
                "232": 127363,
                "231": 127483,
                "230": 127608,
                "229": 127741,
                "228": 127870,
                "227": 127984,
                "226": 128105,
                "225": 128218,
                "224": 128340,
                "223": 128442,
                "222": 128555,
                "221": 128671,
                "220": 128813,
                "219": 128940,
                "218": 129052,
                "217": 129168,
                "216": 129278,
                "215": 129395,
                "214": 129515,
                "213": 129624,
                "212": 129719,
                "211": 129835,
                "210": 129946,
                "209": 130037,
                "208": 130130,
                "207": 130229,
                "206": 130325,
                "205": 130417,
                "204": 130516,
                "203": 130615,
                "202": 130700,
                "201": 130785,
                "200": 130864,
                "199": 130970,
                "198": 131088,
                "197": 131163,
                "196": 131244,
                "195": 131331,
                "194": 131425,
                "193": 131526,
                "192": 131609,
                "191": 131694,
                "190": 131776,
                "189": 131839,
                "188": 131911,
                "187": 131985,
                "186": 132060,
                "185": 132120,
                "184": 132189,
                "183": 132253,
                "182": 132326,
                "181": 132402,
                "180": 132475,
                "179": 132532,
                "178": 132596,
                "177": 132663,
                "176": 132717,
                "175": 132762,
                "174": 132832,
                "173": 132886,
                "172": 132933,
                "171": 132990
            }
        }
    }
}