{
    "2019": {
        "天津": {
            "理科": {
                "700": 43,
                "699": 49,
                "698": 59,
                "697": 70,
                "696": 81,
                "695": 86,
                "694": 98,
                "693": 104,
                "692": 121,
                "691": 143,
                "690": 155,
                "689": 165,
                "688": 184,
                "687": 198,
                "686": 221,
                "685": 234,
                "684": 260,
                "683": 286,
                "682": 312,
                "681": 343,
                "680": 368,
                "679": 394,
                "678": 431,
                "677": 467,
                "676": 492,
                "675": 528,
                "674": 558,
                "673": 585,
                "672": 622,
                "671": 665,
                "670": 702,
                "669": 733,
                "668": 766,
                "667": 801,
                "666": 847,
                "665": 895,
                "664": 949,
                "663": 1003,
                "662": 1051,
                "661": 1092,
                "660": 1146,
                "659": 1192,
                "658": 1254,
                "657": 1315,
                "656": 1365,
                "655": 1405,
                "654": 1451,
                "653": 1506,
                "652": 1564,
                "651": 1621,
                "650": 1672,
                "649": 1744,
                "648": 1814,
                "647": 1891,
                "646": 1966,
                "645": 2025,
                "644": 2100,
                "643": 2169,
                "642": 2253,
                "641": 2325,
                "640": 2396,
                "639": 2471,
                "638": 2535,
                "637": 2607,
                "636": 2690,
                "635": 2772,
                "634": 2842,
                "633": 2915,
                "632": 2976,
                "631": 3049,
                "630": 3139,
                "629": 3234,
                "628": 3315,
                "627": 3394,
                "626": 3473,
                "625": 3562,
                "624": 3650,
                "623": 3733,
                "622": 3820,
                "621": 3888,
                "620": 3970,
                "619": 4046,
                "618": 4134,
                "617": 4220,
                "616": 4285,
                "615": 4360,
                "614": 4454,
                "613": 4560,
                "612": 4659,
                "611": 4725,
                "610": 4811,
                "609": 4902,
                "608": 5003,
                "607": 5105,
                "606": 5207,
                "605": 5310,
                "604": 5398,
                "603": 5492,
                "602": 5587,
                "601": 5679,
                "600": 5790,
                "599": 5895,
                "598": 5988,
                "597": 6097,
                "596": 6204,
                "595": 6311,
                "594": 6398,
                "593": 6517,
                "592": 6608,
                "591": 6703,
                "590": 6800,
                "589": 6902,
                "588": 7018,
                "587": 7118,
                "586": 7233,
                "585": 7335,
                "584": 7448,
                "583": 7548,
                "582": 7648,
                "581": 7755,
                "580": 7852,
                "579": 7974,
                "578": 8077,
                "577": 8202,
                "576": 8299,
                "575": 8428,
                "574": 8538,
                "573": 8638,
                "572": 8750,
                "571": 8877,
                "570": 8991,
                "569": 9117,
                "568": 9224,
                "567": 9331,
                "566": 9457,
                "565": 9590,
                "564": 9735,
                "563": 9846,
                "562": 9967,
                "561": 10080,
                "560": 10220,
                "559": 10323,
                "558": 10448,
                "557": 10568,
                "556": 10677,
                "555": 10817,
                "554": 10937,
                "553": 11057,
                "552": 11183,
                "551": 11301,
                "550": 11417,
                "549": 11532,
                "548": 11646,
                "547": 11776,
                "546": 11911,
                "545": 12047,
                "544": 12163,
                "543": 12290,
                "542": 12435,
                "541": 12569,
                "540": 12700,
                "539": 12825,
                "538": 12940,
                "537": 13048,
                "536": 13168,
                "535": 13295,
                "534": 13437,
                "533": 13582,
                "532": 13700,
                "531": 13833,
                "530": 13961,
                "529": 14078,
                "528": 14214,
                "527": 14340,
                "526": 14483,
                "525": 14604,
                "524": 14719,
                "523": 14841,
                "522": 14971,
                "521": 15095,
                "520": 15229,
                "519": 15351,
                "518": 15482,
                "517": 15618,
                "516": 15737,
                "515": 15876,
                "514": 16017,
                "513": 16156,
                "512": 16295,
                "511": 16439,
                "510": 16584,
                "509": 16712,
                "508": 16836,
                "507": 16959,
                "506": 17100,
                "505": 17236,
                "504": 17398,
                "503": 17528,
                "502": 17657,
                "501": 17788,
                "500": 17899
            }
        }
    }
}